company_id,period_start,period_end,fiscal_year,fiscal_period,filing_form,filed_date,revenue,operating_income,net_income,rd_expense,income_tax,assets,liabilities,equity,cash,inventory,current_assets,current_liabilities,long_term_debt,operating_cash_flow,investing_cash_flow,financing_cash_flow,capital_expenditure,dividends_paid,ticker,company_name,sector,country,industry,exchange,operating_margin,net_profit_margin
1,2007-07-01,2008-06-30,2010,FY,10-K,,,22271000000.0,17681000000.0,8164000000.0,6133000000.0,,,,10339000000.0,,,,,21612000000.0,-4587000000.0,-12934000000.0,3182000000.0,,MSFT,Microsoft Corporation,Technology,USA,Software,NASDAQ,,
1,2008-07-01,2009-06-30,2011,FY,10-K,,,20363000000.0,14569000000.0,9010000000.0,5252000000.0,,,,6076000000.0,,,,,19037000000.0,-15770000000.0,-7463000000.0,3119000000.0,,MSFT,Microsoft Corporation,Technology,USA,Software,NASDAQ,,
1,2009-07-01,2010-06-30,2012,FY,10-K,,,24098000000.0,18760000000.0,8714000000.0,6253000000.0,,,46175000000.0,,,,,,24073000000.0,-11314000000.0,-13291000000.0,1977000000.0,,MSFT,Microsoft Corporation,Technology,USA,Software,NASDAQ,,
1,2011-07-01,2012-06-30,2014,FY,10-K,,,21763000000.0,16978000000.0,9811000000.0,5289000000.0,,,66363000000.0,,,,,,,,,2305000000.0,,MSFT,Microsoft Corporation,Technology,USA,Software,NASDAQ,,
1,2013-07-01,2014-06-30,2016,FY,10-K,,,27759000000.0,22074000000.0,11381000000.0,5746000000.0,,,,8669000000.0,,,,,,,,5485000000.0,,MSFT,Microsoft Corporation,Technology,USA,Software,NASDAQ,,
1,2014-07-01,2015-06-30,2017,FY,10-K,,,18161000000.0,12193000000.0,12046000000.0,6314000000.0,,,,5595000000.0,,,,,,,,5944000000.0,,MSFT,Microsoft Corporation,Technology,USA,Software,NASDAQ,,
1,2015-07-01,2016-06-30,2018,FY,10-K,,91154000000.0,26078000000.0,20539000000.0,11988000000.0,5100000000.0,,,,6510000000.0,,,,,33325000000.0,-23950000000.0,-8393000000.0,8343000000.0,,MSFT,Microsoft Corporation,Technology,USA,Software,NASDAQ,0.28608728086534874,0.22532198257893235
1,2016-07-01,2017-06-30,2019,FY,10-K,,96571000000.0,29025000000.0,25489000000.0,13037000000.0,4412000000.0,,,87711000000.0,7663000000.0,,,,,39507000000.0,-46781000000.0,8408000000.0,8129000000.0,,MSFT,Microsoft Corporation,Technology,USA,Software,NASDAQ,0.3005560675565128,0.26394052044609667
1,2017-07-01,2018-06-30,2020,FY,10-K,,110360000000.0,35058000000.0,16571000000.0,14726000000.0,19903000000.0,,,82718000000.0,,,,,,43884000000.0,-6061000000.0,-33590000000.0,11632000000.0,,MSFT,Microsoft Corporation,Technology,USA,Software,NASDAQ,0.3176694454512505,0.1501540413193186
1,2018-07-01,2019-06-30,2021,FY,10-K,,125843000000.0,42959000000.0,39240000000.0,16876000000.0,4448000000.0,,,102330000000.0,,,,,,52185000000.0,-15773000000.0,-36887000000.0,13925000000.0,,MSFT,Microsoft Corporation,Technology,USA,Software,NASDAQ,0.3413698020549415,0.3118171054409065
1,2019-07-01,2020-06-30,2022,FY,10-K,,143015000000.0,52959000000.0,44281000000.0,19269000000.0,8755000000.0,,,118304000000.0,,,,,,60675000000.0,-12223000000.0,-46031000000.0,15441000000.0,,MSFT,Microsoft Corporation,Technology,USA,Software,NASDAQ,0.37030381428521486,0.3096248645247002
1,2020-07-01,2021-06-30,2023,FY,10-K,,168088000000.0,69916000000.0,61271000000.0,20716000000.0,9831000000.0,,,141988000000.0,,,,,,76740000000.0,-27577000000.0,-48486000000.0,20622000000.0,,MSFT,Microsoft Corporation,Technology,USA,Software,NASDAQ,0.415948788729713,0.36451739564989766
1,2022-07-01,2023-06-30,2025,FY,10-K,,211915000000.0,88523000000.0,72361000000.0,27195000000.0,16950000000.0,,,206223000000.0,,,,,,87582000000.0,-22680000000.0,-43935000000.0,28107000000.0,,MSFT,Microsoft Corporation,Technology,USA,Software,NASDAQ,0.417728806361041,0.3414623787839464
1,2023-07-01,2024-06-30,2025,FY,10-K,,245122000000.0,109433000000.0,88136000000.0,29510000000.0,19651000000.0,512163000000.0,243686000000.0,268477000000.0,18315000000.0,1246000000.0,159734000000.0,125286000000.0,42688000000.0,118548000000.0,-96970000000.0,-37757000000.0,44477000000.0,,MSFT,Microsoft Corporation,Technology,USA,Software,NASDAQ,0.44644299573273716,0.35955972944084985
1,2024-07-01,2025-06-30,2025,FY,10-K,,281724000000.0,128528000000.0,101832000000.0,32488000000.0,21795000000.0,,,,,,,,,136162000000.0,-72599000000.0,-51699000000.0,64551000000.0,,MSFT,Microsoft Corporation,Technology,USA,Software,NASDAQ,0.4562195624085985,0.3614601524896707
2,2007-09-30,2008-09-27,2010,FY,10-K,,,8327000000.0,6119000000.0,1109000000.0,2828000000.0,,,22297000000.0,11875000000.0,,,,,9596000000.0,-8189000000.0,1116000000.0,,,AAPL,Apple Inc.,Technology,USA,Consumer Electronics,NASDAQ,,
2,2008-09-28,2009-09-26,2011,FY,10-K,,,11740000000.0,8235000000.0,1333000000.0,3831000000.0,47501000000.0,,,,,,,,10159000000.0,-17434000000.0,663000000.0,,,AAPL,Apple Inc.,Technology,USA,Consumer Electronics,NASDAQ,,
2,2010-09-26,2011-09-24,2013,FY,10-K,,,33790000000.0,25922000000.0,2429000000.0,8283000000.0,,,,,,,,,37529000000.0,-40419000000.0,1444000000.0,,,AAPL,Apple Inc.,Technology,USA,Consumer Electronics,NASDAQ,,
2,2012-09-30,2013-09-28,2015,FY,10-K,,,48999000000.0,37037000000.0,4475000000.0,13118000000.0,,,123549000000.0,14259000000.0,,,,,,,,8165000000.0,,AAPL,Apple Inc.,Technology,USA,Consumer Electronics,NASDAQ,,
2,2013-09-29,2014-09-27,2016,FY,10-K,,,52503000000.0,39510000000.0,6041000000.0,13973000000.0,,,111547000000.0,13844000000.0,,,,,,,,9571000000.0,,AAPL,Apple Inc.,Technology,USA,Consumer Electronics,NASDAQ,,
2,2014-09-28,2015-09-26,2017,FY,10-K,,,71230000000.0,53394000000.0,8067000000.0,19121000000.0,,,119355000000.0,21120000000.0,,,,,81266000000.0,-56274000000.0,-17716000000.0,11247000000.0,11561000000.0,AAPL,Apple Inc.,Technology,USA,Consumer Electronics,NASDAQ,,
2,2015-09-27,2016-09-24,2018,FY,10-K,,,60024000000.0,45687000000.0,10045000000.0,15685000000.0,,,128249000000.0,,,,,,66231000000.0,-45977000000.0,-20890000000.0,12734000000.0,12150000000.0,AAPL,Apple Inc.,Technology,USA,Consumer Electronics,NASDAQ,,
2,2016-09-25,2017-09-30,2019,FY,10-K,,229234000000.0,61344000000.0,48351000000.0,11581000000.0,15738000000.0,,,134047000000.0,,,,,,64225000000.0,-46446000000.0,-17974000000.0,12451000000.0,12769000000.0,AAPL,Apple Inc.,Technology,USA,Consumer Electronics,NASDAQ,0.2676042820872994,0.21092420845075338
2,2017-10-01,2018-09-29,2020,FY,10-K,,265595000000.0,70898000000.0,59531000000.0,14236000000.0,13372000000.0,,,107147000000.0,,,,,,77434000000.0,16066000000.0,-87876000000.0,13313000000.0,13712000000.0,AAPL,Apple Inc.,Technology,USA,Consumer Electronics,NASDAQ,0.26694026619477024,0.22414202074587247
2,2018-09-30,2019-09-28,2021,FY,10-K,,260174000000.0,63930000000.0,55256000000.0,16217000000.0,10481000000.0,,,90488000000.0,,,,,,69391000000.0,45896000000.0,-90976000000.0,10495000000.0,14119000000.0,AAPL,Apple Inc.,Technology,USA,Consumer Electronics,NASDAQ,0.24572017188496928,0.21238094505984456
2,2019-09-29,2020-09-26,2022,FY,10-K,,274515000000.0,66288000000.0,57411000000.0,18752000000.0,9680000000.0,,,65339000000.0,,,,,,80674000000.0,-4289000000.0,-86820000000.0,7309000000.0,14081000000.0,AAPL,Apple Inc.,Technology,USA,Consumer Electronics,NASDAQ,0.24147314354406862,0.20913611278072236
2,2020-09-27,2021-09-25,2023,FY,10-K,,365817000000.0,108949000000.0,94680000000.0,21914000000.0,14527000000.0,,,63090000000.0,,,,,,104038000000.0,-14545000000.0,-93353000000.0,11085000000.0,14467000000.0,AAPL,Apple Inc.,Technology,USA,Consumer Electronics,NASDAQ,0.29782377527561593,0.2588179335569424
2,2021-09-26,2022-09-24,2024,FY,10-K,,394328000000.0,119437000000.0,99803000000.0,26251000000.0,19300000000.0,,,50672000000.0,,,,,,122151000000.0,-22354000000.0,-110749000000.0,10708000000.0,14841000000.0,AAPL,Apple Inc.,Technology,USA,Consumer Electronics,NASDAQ,0.30288744395528594,0.2530964070519973
2,2022-09-25,2023-09-30,2025,FY,10-K,,383285000000.0,114301000000.0,96995000000.0,29915000000.0,16741000000.0,,,62146000000.0,,,,,,110543000000.0,3705000000.0,-108488000000.0,10959000000.0,15025000000.0,AAPL,Apple Inc.,Technology,USA,Consumer Electronics,NASDAQ,0.2982141226502472,0.2530623426432028
2,2023-10-01,2024-09-28,2025,FY,10-K,,391035000000.0,123216000000.0,93736000000.0,31370000000.0,29749000000.0,364980000000.0,308030000000.0,,29943000000.0,7286000000.0,152987000000.0,176392000000.0,85750000000.0,118254000000.0,2935000000.0,-121983000000.0,9447000000.0,15234000000.0,AAPL,Apple Inc.,Technology,USA,Consumer Electronics,NASDAQ,0.31510222870075566,0.23971255769943867
2,2024-09-29,2025-09-27,2025,FY,10-K,,416161000000.0,133050000000.0,112010000000.0,34550000000.0,20719000000.0,,,,,,,,,111482000000.0,15195000000.0,-120686000000.0,12715000000.0,15421000000.0,AAPL,Apple Inc.,Technology,USA,Consumer Electronics,NASDAQ,0.31970799762591884,0.2691506412181824
3,2007-01-29,2008-01-27,2010,FY,10-K,,,836346000.0,797645000.0,691637000.0,103696000.0,,,2617912000.0,726969000.0,,,,,1270196000.0,-761318000.0,-326323000.0,,,NVDA,NVIDIA Corporation,Technology,USA,Semiconductors,NASDAQ,,
3,2008-01-28,2009-01-25,2010,FY,10-K,,,-70700000.0,-30041000.0,855879000.0,-12913000.0,,,2394652000.0,417688000.0,,,,,249360000.0,-209367000.0,-349274000.0,,,NVDA,NVIDIA Corporation,Technology,USA,Semiconductors,NASDAQ,,
3,2009-01-26,2010-01-31,2011,FY,10-K,,,-98945000.0,-67987000.0,908851000.0,-14307000.0,,,2665140000.0,447221000.0,,,,,487807000.0,-519333000.0,61059000.0,77601000.0,,NVDA,NVIDIA Corporation,Technology,USA,Semiconductors,NASDAQ,,
3,2010-02-01,2011-01-30,2012,FY,10-K,,,255747000.0,253146000.0,848830000.0,18023000.0,,,3181462000.0,665361000.0,,,,,675797000.0,-649678000.0,192021000.0,,0.0,NVDA,NVIDIA Corporation,Technology,USA,Semiconductors,NASDAQ,,
3,2011-01-31,2012-01-29,2013,FY,10-K,,,648299000.0,581090000.0,1002605000.0,82306000.0,,,4145724000.0,667876000.0,,,,,909156000.0,-1143364000.0,236723000.0,,0.0,NVDA,NVIDIA Corporation,Technology,USA,Semiconductors,NASDAQ,,
3,2012-01-30,2013-01-27,2015,FY,10-K,,,648239000.0,562536000.0,1147282000.0,99503000.0,,,4827000000.0,733000000.0,,,,,824172000.0,-743992000.0,-15270000.0,,46866000.0,NVDA,NVIDIA Corporation,Technology,USA,Semiconductors,NASDAQ,,
3,2013-01-28,2014-01-26,2016,FY,10-K,,,496000000.0,440000000.0,1336000000.0,70000000.0,,,4455000000.0,1152000000.0,,,,,835000000.0,-806000000.0,390000000.0,,181000000.0,NVDA,NVIDIA Corporation,Technology,USA,Semiconductors,NASDAQ,,
3,2014-01-27,2015-01-25,2017,FY,10-K,,,759000000.0,631000000.0,1360000000.0,124000000.0,,,4418000000.0,497000000.0,,,,,906000000.0,-727000000.0,-834000000.0,,186000000.0,NVDA,NVIDIA Corporation,Technology,USA,Semiconductors,NASDAQ,,
3,2015-01-26,2016-01-31,2018,FY,10-K,,,747000000.0,614000000.0,1331000000.0,129000000.0,,,4469000000.0,596000000.0,,,,,1175000000.0,-400000000.0,-676000000.0,,213000000.0,NVDA,NVIDIA Corporation,Technology,USA,Semiconductors,NASDAQ,,
3,2016-02-01,2017-01-29,2019,FY,10-K,,6910000000.0,1934000000.0,1666000000.0,1463000000.0,239000000.0,,,5762000000.0,,,,,,1672000000.0,-793000000.0,291000000.0,,261000000.0,NVDA,NVIDIA Corporation,Technology,USA,Semiconductors,NASDAQ,0.27988422575976846,0.2410998552821997
3,2017-01-30,2018-01-28,2020,FY,10-K,,9714000000.0,3210000000.0,3047000000.0,1797000000.0,149000000.0,,,7471000000.0,,,,,,3502000000.0,1278000000.0,-2544000000.0,,341000000.0,NVDA,NVIDIA Corporation,Technology,USA,Semiconductors,NASDAQ,0.3304508956145769,0.3136709903232448
3,2018-01-29,2019-01-27,2021,FY,10-K,,11716000000.0,3804000000.0,4141000000.0,2376000000.0,-245000000.0,,,9342000000.0,,,,,,3743000000.0,-4097000000.0,-2866000000.0,,371000000.0,NVDA,NVIDIA Corporation,Technology,USA,Semiconductors,NASDAQ,0.3246841925571868,0.35344827586206895
3,2019-01-28,2020-01-26,2022,FY,10-K,,10918000000.0,2846000000.0,2796000000.0,2829000000.0,174000000.0,,,12204000000.0,,,,,,4761000000.0,6145000000.0,-792000000.0,,390000000.0,NVDA,NVIDIA Corporation,Technology,USA,Semiconductors,NASDAQ,0.2606704524638212,0.2560908591317091
3,2020-01-27,2021-01-31,2022,FY,10-K,,16675000000.0,,,,,,,16893000000.0,,,,,,5822000000.0,-19675000000.0,3804000000.0,,395000000.0,NVDA,NVIDIA Corporation,Technology,USA,Semiconductors,NASDAQ,,
3,2021-02-01,2022-01-30,2024,FY,10-K,,,10041000000.0,,5268000000.0,189000000.0,,,26612000000.0,,,,,,9108000000.0,-9830000000.0,1865000000.0,,399000000.0,NVDA,NVIDIA Corporation,Technology,USA,Semiconductors,NASDAQ,,
3,2022-01-31,2023-01-29,2025,FY,10-K,,,4224000000.0,,7339000000.0,-187000000.0,,,22101000000.0,,,,,,5641000000.0,7375000000.0,-11617000000.0,,398000000.0,NVDA,NVIDIA Corporation,Technology,USA,Semiconductors,NASDAQ,,
3,2023-01-30,2024-01-28,2026,FY,10-K,,,32972000000.0,,8675000000.0,4058000000.0,,,42978000000.0,,,,,,28090000000.0,-10566000000.0,-13633000000.0,,395000000.0,NVDA,NVIDIA Corporation,Technology,USA,Semiconductors,NASDAQ,,
3,2024-01-29,2025-01-26,2026,FY,10-K,,,81453000000.0,,12914000000.0,11146000000.0,111601000000.0,32274000000.0,,8589000000.0,10080000000.0,80126000000.0,18047000000.0,8463000000.0,64089000000.0,-20421000000.0,-42359000000.0,,834000000.0,NVDA,NVIDIA Corporation,Technology,USA,Semiconductors,NASDAQ,,
3,2025-01-27,2026-01-25,2026,FY,10-K,,,130387000000.0,,18497000000.0,21383000000.0,,,,,,,,,102718000000.0,-52228000000.0,-48474000000.0,,974000000.0,NVDA,NVIDIA Corporation,Technology,USA,Semiconductors,NASDAQ,,
4,2007-01-01,2007-12-31,2009,FY,10-K,,,655000000.0,476000000.0,,184000000.0,,,1197000000.0,2539000000.0,,,,,1405000000.0,42000000.0,50000000.0,224000000.0,,AMZN,Amazon.com Inc.,Consumer Discretionary,USA,E-Commerce & Cloud Services,NASDAQ,,
4,2008-01-01,2008-12-31,2010,FY,10-K,,,842000000.0,645000000.0,,247000000.0,,,2672000000.0,2769000000.0,,,,,1697000000.0,-1199000000.0,-198000000.0,333000000.0,,AMZN,Amazon.com Inc.,Consumer Discretionary,USA,E-Commerce & Cloud Services,NASDAQ,,
4,2009-01-01,2009-12-31,2011,FY,10-K,,,1129000000.0,902000000.0,,253000000.0,,,5257000000.0,3444000000.0,,,,,3293000000.0,-2337000000.0,-280000000.0,373000000.0,,AMZN,Amazon.com Inc.,Consumer Discretionary,USA,E-Commerce & Cloud Services,NASDAQ,,
4,2010-01-01,2010-12-31,2012,FY,10-K,,,1406000000.0,1152000000.0,,352000000.0,,,6864000000.0,3777000000.0,,,,,3495000000.0,-3360000000.0,181000000.0,979000000.0,,AMZN,Amazon.com Inc.,Consumer Discretionary,USA,E-Commerce & Cloud Services,NASDAQ,,
4,2011-01-01,2011-12-31,2013,FY,10-K,,,862000000.0,631000000.0,,291000000.0,,,7757000000.0,5269000000.0,,,,,3903000000.0,-1930000000.0,-482000000.0,1811000000.0,,AMZN,Amazon.com Inc.,Consumer Discretionary,USA,E-Commerce & Cloud Services,NASDAQ,,
4,2012-01-01,2012-12-31,2014,FY,10-K,,,676000000.0,-39000000.0,,428000000.0,,,8192000000.0,8084000000.0,,,,,4180000000.0,-3595000000.0,2259000000.0,3785000000.0,,AMZN,Amazon.com Inc.,Consumer Discretionary,USA,E-Commerce & Cloud Services,NASDAQ,,
4,2013-01-01,2013-12-31,2015,FY,10-K,,,745000000.0,274000000.0,,161000000.0,,,9746000000.0,8658000000.0,,,,,5475000000.0,-4276000000.0,-539000000.0,3444000000.0,,AMZN,Amazon.com Inc.,Consumer Discretionary,USA,E-Commerce & Cloud Services,NASDAQ,,
4,2014-01-01,2014-12-31,2016,FY,10-K,,,178000000.0,-241000000.0,,167000000.0,,,10741000000.0,14557000000.0,,,,,6842000000.0,-5065000000.0,4432000000.0,4893000000.0,,AMZN,Amazon.com Inc.,Consumer Discretionary,USA,E-Commerce & Cloud Services,NASDAQ,,
4,2015-01-01,2015-12-31,2017,FY,10-K,,,2233000000.0,596000000.0,,950000000.0,,,13384000000.0,,,,,,12039000000.0,-6450000000.0,-3882000000.0,,,AMZN,Amazon.com Inc.,Consumer Discretionary,USA,E-Commerce & Cloud Services,NASDAQ,,
4,2016-01-01,2016-12-31,2018,FY,10-K,,135987000000.0,4186000000.0,2371000000.0,,1425000000.0,,,19285000000.0,,,,,,17203000000.0,-9516000000.0,-3716000000.0,,,AMZN,Amazon.com Inc.,Consumer Discretionary,USA,E-Commerce & Cloud Services,NASDAQ,0.030782354195621642,0.017435490157147373
4,2017-01-01,2017-12-31,2019,FY,10-K,,177866000000.0,4106000000.0,3033000000.0,,769000000.0,,,27709000000.0,,,,,,18365000000.0,-27084000000.0,9928000000.0,,,AMZN,Amazon.com Inc.,Consumer Discretionary,USA,E-Commerce & Cloud Services,NASDAQ,0.023084794170892695,0.01705216286417865
4,2018-01-01,2018-12-31,2020,FY,10-K,,232887000000.0,12421000000.0,10073000000.0,,1197000000.0,,,43549000000.0,,,,,,30723000000.0,-12369000000.0,-7686000000.0,,,AMZN,Amazon.com Inc.,Consumer Discretionary,USA,E-Commerce & Cloud Services,NASDAQ,0.053334879147397665,0.04325273630559026
4,2019-01-01,2019-12-31,2021,FY,10-K,,280522000000.0,14541000000.0,11588000000.0,,2374000000.0,,,62060000000.0,,,,,,38514000000.0,-24281000000.0,-10066000000.0,,,AMZN,Amazon.com Inc.,Consumer Discretionary,USA,E-Commerce & Cloud Services,NASDAQ,0.05183550666257905,0.04130870306072251
4,2020-01-01,2020-12-31,2022,FY,10-K,,386064000000.0,22899000000.0,21331000000.0,,2863000000.0,,,93404000000.0,,,,,,66064000000.0,-59611000000.0,-1104000000.0,,,AMZN,Amazon.com Inc.,Consumer Discretionary,USA,E-Commerce & Cloud Services,NASDAQ,0.05931399975133657,0.05525249699531684
4,2021-01-01,2021-12-31,2023,FY,10-K,,469822000000.0,24879000000.0,,,4791000000.0,,,138245000000.0,,,,,,46327000000.0,-58154000000.0,6291000000.0,,,AMZN,Amazon.com Inc.,Consumer Discretionary,USA,E-Commerce & Cloud Services,NASDAQ,0.052954097509269465,
4,2022-01-01,2022-12-31,2024,FY,10-K,,513983000000.0,12248000000.0,,,-3217000000.0,,,146043000000.0,,,,,,46752000000.0,-37601000000.0,9718000000.0,,,AMZN,Amazon.com Inc.,Consumer Discretionary,USA,E-Commerce & Cloud Services,NASDAQ,0.023829581912242232,
4,2023-01-01,2023-12-31,2025,FY,10-K,,574785000000.0,36852000000.0,,,7120000000.0,527854000000.0,,201875000000.0,,,,,,84946000000.0,-49833000000.0,-15879000000.0,,,AMZN,Amazon.com Inc.,Consumer Discretionary,USA,E-Commerce & Cloud Services,NASDAQ,0.0641144079960333,
4,2024-01-01,2024-12-31,2025,FY,10-K,,637959000000.0,68593000000.0,,,9265000000.0,624894000000.0,,,78779000000.0,34214000000.0,190867000000.0,179431000000.0,52623000000.0,115877000000.0,-94342000000.0,-11812000000.0,,,AMZN,Amazon.com Inc.,Consumer Discretionary,USA,E-Commerce & Cloud Services,NASDAQ,0.1075194487420038,
4,2025-01-01,2025-12-31,2025,FY,10-K,,716924000000.0,79975000000.0,,,19087000000.0,,,,,,,,,139514000000.0,-142545000000.0,9661000000.0,,,AMZN,Amazon.com Inc.,Consumer Discretionary,USA,E-Commerce & Cloud Services,NASDAQ,0.11155296795755199,
5,2010-01-01,2010-12-31,2012,FY,10-K,,,1032000000.0,606000000.0,144000000.0,402000000.0,,,,1785000000.0,,,,,698000000.0,-324000000.0,781000000.0,293000000.0,,META,Meta Platforms Inc.,Technology,USA,Social Media,NASDAQ,,
5,2011-01-01,2011-12-31,2013,FY,10-K,,,1756000000.0,1000000000.0,388000000.0,695000000.0,,,,1512000000.0,,,,,1549000000.0,-3023000000.0,1198000000.0,606000000.0,,META,Meta Platforms Inc.,Technology,USA,Social Media,NASDAQ,,
5,2012-01-01,2012-12-31,2014,FY,10-K,,,538000000.0,53000000.0,1399000000.0,441000000.0,,,,2384000000.0,,,,,1612000000.0,-7024000000.0,6283000000.0,1235000000.0,,META,Meta Platforms Inc.,Technology,USA,Social Media,NASDAQ,,
5,2013-01-01,2013-12-31,2015,FY,10-K,,,2804000000.0,1500000000.0,1415000000.0,1254000000.0,,,15470000000.0,3323000000.0,,,,,4222000000.0,-2624000000.0,-667000000.0,1362000000.0,,META,Meta Platforms Inc.,Technology,USA,Social Media,NASDAQ,,
5,2014-01-01,2014-12-31,2016,FY,10-K,,,4994000000.0,2940000000.0,2666000000.0,1970000000.0,,,36096000000.0,4315000000.0,,,,,7326000000.0,-5913000000.0,-298000000.0,1831000000.0,,META,Meta Platforms Inc.,Technology,USA,Social Media,NASDAQ,,
5,2015-01-01,2015-12-31,2017,FY,10-K,,,6225000000.0,3688000000.0,4816000000.0,2506000000.0,,,44218000000.0,,,,,,10320000000.0,-9434000000.0,-139000000.0,2523000000.0,,META,Meta Platforms Inc.,Technology,USA,Social Media,NASDAQ,,
5,2016-01-01,2016-12-31,2018,FY,10-K,,27638000000.0,12427000000.0,10217000000.0,5919000000.0,2301000000.0,,,59194000000.0,,,,,,16108000000.0,-11792000000.0,-310000000.0,4491000000.0,,META,Meta Platforms Inc.,Technology,USA,Social Media,NASDAQ,0.4496345611115131,0.36967219046240685
5,2017-01-01,2017-12-31,2019,FY,10-K,,40653000000.0,20203000000.0,15934000000.0,7754000000.0,4660000000.0,,,74347000000.0,,,,,,24216000000.0,-20118000000.0,-5235000000.0,6733000000.0,,META,Meta Platforms Inc.,Technology,USA,Social Media,NASDAQ,0.4969620938184144,0.39195139350109465
5,2018-01-01,2018-12-31,2020,FY,10-K,,55838000000.0,24913000000.0,22112000000.0,10273000000.0,3249000000.0,,,84127000000.0,,,,,,29274000000.0,-11603000000.0,-15572000000.0,13915000000.0,,META,Meta Platforms Inc.,Technology,USA,Social Media,NASDAQ,0.4461656936136681,0.39600272216053584
5,2019-01-01,2019-12-31,2021,FY,10-K,,70697000000.0,23986000000.0,18485000000.0,13600000000.0,6327000000.0,,,101054000000.0,,,,,,36314000000.0,-19864000000.0,-7299000000.0,15102000000.0,,META,Meta Platforms Inc.,Technology,USA,Social Media,NASDAQ,0.3392788944368219,0.2614679547929898
5,2020-01-01,2020-12-31,2022,FY,10-K,,85965000000.0,32671000000.0,29146000000.0,18447000000.0,4034000000.0,,,128290000000.0,,,,,,38747000000.0,-30059000000.0,-10292000000.0,15163000000.0,,META,Meta Platforms Inc.,Technology,USA,Social Media,NASDAQ,0.3800500203571221,0.3390449601582039
5,2021-01-01,2021-12-31,2023,FY,10-K,,117929000000.0,46753000000.0,,24655000000.0,7914000000.0,,,124879000000.0,,,,,,57683000000.0,-7570000000.0,-50728000000.0,18690000000.0,,META,Meta Platforms Inc.,Technology,USA,Social Media,NASDAQ,0.39645040660058173,
5,2022-01-01,2022-12-31,2024,FY,10-K,,116609000000.0,28944000000.0,,35338000000.0,5619000000.0,,,125713000000.0,,,,,,50475000000.0,-28970000000.0,-22136000000.0,31186000000.0,0.0,META,Meta Platforms Inc.,Technology,USA,Social Media,NASDAQ,0.24821411726367604,
5,2023-01-01,2023-12-31,2025,FY,10-K,,134902000000.0,46751000000.0,,38483000000.0,8330000000.0,,,153168000000.0,41862000000.0,,,,,71113000000.0,-24495000000.0,-19500000000.0,27045000000.0,0.0,META,Meta Platforms Inc.,Technology,USA,Social Media,NASDAQ,0.3465552771641636,
5,2024-01-01,2024-12-31,2025,FY,10-K,,164501000000.0,69380000000.0,,43873000000.0,8303000000.0,276054000000.0,93417000000.0,,43889000000.0,,100045000000.0,33596000000.0,28826000000.0,91328000000.0,-47150000000.0,-40781000000.0,37256000000.0,5072000000.0,META,Meta Platforms Inc.,Technology,USA,Social Media,NASDAQ,0.42176035404040096,
5,2025-01-01,2025-12-31,2025,FY,10-K,,200966000000.0,83276000000.0,,57372000000.0,25474000000.0,,,,,,,,,115800000000.0,-102003000000.0,-20370000000.0,69691000000.0,5324000000.0,META,Meta Platforms Inc.,Technology,USA,Social Media,NASDAQ,0.41437855159579234,
6,2014-01-01,2014-12-31,2016,FY,10-K,,,16496000000.0,14136000000.0,9832000000.0,3639000000.0,,,103860000000.0,18347000000.0,,,,,23024000000.0,-21055000000.0,-2087000000.0,11014000000.0,0.0,GOOGL,Alphabet Inc.,Technology,USA,Internet Services,NASDAQ,,
6,2015-01-01,2015-12-31,2017,FY,10-K,,,19360000000.0,16348000000.0,12282000000.0,3303000000.0,,,120331000000.0,16549000000.0,,,,,26572000000.0,-23711000000.0,-4225000000.0,9950000000.0,47000000.0,GOOGL,Alphabet Inc.,Technology,USA,Internet Services,NASDAQ,,
6,2016-01-01,2016-12-31,2018,FY,10-K,,90272000000.0,23716000000.0,19478000000.0,13948000000.0,4672000000.0,,,139036000000.0,,,,,,36036000000.0,-31165000000.0,-8332000000.0,10212000000.0,,GOOGL,Alphabet Inc.,Technology,USA,Internet Services,NASDAQ,0.26271712158808935,0.2157701169797944
6,2017-01-01,2017-12-31,2019,FY,10-K,,110855000000.0,26178000000.0,12662000000.0,16625000000.0,14531000000.0,,,152502000000.0,,,,,,37091000000.0,-31401000000.0,-8298000000.0,13184000000.0,,GOOGL,Alphabet Inc.,Technology,USA,Internet Services,NASDAQ,0.23614631726128726,0.11422128005051645
6,2018-01-01,2018-12-31,2020,FY,10-K,,,27524000000.0,30736000000.0,21419000000.0,4177000000.0,,,177628000000.0,,,,,,47971000000.0,-28504000000.0,-13179000000.0,25139000000.0,,GOOGL,Alphabet Inc.,Technology,USA,Internet Services,NASDAQ,,
6,2019-01-01,2019-12-31,2019,FY,10-K,,161857000000.0,,,,,,,201442000000.0,,,,,,54520000000.0,-29491000000.0,-23209000000.0,23548000000.0,,GOOGL,Alphabet Inc.,Technology,USA,Internet Services,NASDAQ,,
6,2020-01-01,2020-12-31,2022,FY,10-K,,182527000000.0,41224000000.0,40269000000.0,27573000000.0,7813000000.0,,,222544000000.0,,,,,,65124000000.0,-32773000000.0,-24408000000.0,22281000000.0,,GOOGL,Alphabet Inc.,Technology,USA,Internet Services,NASDAQ,0.22585151785763202,0.22061941520980458
6,2021-01-01,2021-12-31,2023,FY,10-K,,257637000000.0,78714000000.0,,31562000000.0,14701000000.0,,,251635000000.0,,,,,,91652000000.0,-35523000000.0,-61362000000.0,24640000000.0,,GOOGL,Alphabet Inc.,Technology,USA,Internet Services,NASDAQ,0.3055228868524319,
6,2022-01-01,2022-12-31,2024,FY,10-K,,282836000000.0,74842000000.0,,39500000000.0,11356000000.0,,,256144000000.0,,,,,,91495000000.0,-20298000000.0,-69757000000.0,31485000000.0,0.0,GOOGL,Alphabet Inc.,Technology,USA,Internet Services,NASDAQ,0.2646127084246701,
6,2023-01-01,2023-12-31,2025,FY,10-K,,,84293000000.0,,45427000000.0,11922000000.0,,,283379000000.0,,,,,,101746000000.0,-27063000000.0,-72093000000.0,32251000000.0,0.0,GOOGL,Alphabet Inc.,Technology,USA,Internet Services,NASDAQ,,
6,2024-01-01,2024-12-31,2024,FY,10-K,,350018000000.0,,,,,450256000000.0,125172000000.0,,23466000000.0,,163711000000.0,89122000000.0,10883000000.0,125299000000.0,-45536000000.0,-79733000000.0,52535000000.0,7363000000.0,GOOGL,Alphabet Inc.,Technology,USA,Internet Services,NASDAQ,,
6,2025-01-01,2025-12-31,2025,FY,10-K,,,129039000000.0,,61087000000.0,26656000000.0,,,,,,,,,164713000000.0,-120291000000.0,-37388000000.0,91447000000.0,10049000000.0,GOOGL,Alphabet Inc.,Technology,USA,Internet Services,NASDAQ,,
7,2010-01-01,2010-12-31,2012,FY,10-K,,,-146838000.0,-154328000.0,92996000.0,173000.0,,,207048000.0,99558000.0,,,,,-127817000.0,-180297000.0,338045000.0,40203000.0,,TSLA,Tesla Inc.,Consumer Discretionary,USA,Electric Vehicles,NASDAQ,,
7,2011-01-01,2011-12-31,2013,FY,10-K,,,-251488000.0,-254411000.0,208981000.0,489000.0,,,224045000.0,255266000.0,,,,,-128034000.0,-162258000.0,446000000.0,184226000.0,,TSLA,Tesla Inc.,Consumer Discretionary,USA,Electric Vehicles,NASDAQ,,
7,2012-01-01,2012-12-31,2014,FY,10-K,,,-394283000.0,-396213000.0,273978000.0,136000.0,,,124700000.0,201890000.0,,,,,,,,239228000.0,,TSLA,Tesla Inc.,Consumer Discretionary,USA,Electric Vehicles,NASDAQ,,
7,2013-01-01,2013-12-31,2015,FY,10-K,,,-61283000.0,-74014000.0,231976000.0,2588000.0,,,667120000.0,845889000.0,,,,,,,,264224000.0,,TSLA,Tesla Inc.,Consumer Discretionary,USA,Electric Vehicles,NASDAQ,,
7,2014-01-01,2014-12-31,2016,FY,10-K,,,-186689000.0,-294040000.0,464700000.0,9404000.0,,,,1905713000.0,,,,,,,,969885000.0,,TSLA,Tesla Inc.,Consumer Discretionary,USA,Electric Vehicles,NASDAQ,,
7,2015-01-01,2015-12-31,2017,FY,10-K,,,-716629000.0,-888663000.0,717900000.0,13039000.0,,,,1196908000.0,,,,,,,,1634850000.0,,TSLA,Tesla Inc.,Consumer Discretionary,USA,Electric Vehicles,NASDAQ,,
7,2016-01-01,2016-12-31,2018,FY,10-K,,,-667340000.0,-674914000.0,834408000.0,26698000.0,,,,3393000000.0,,,,,-123829000.0,-1081085000.0,3743976000.0,1280802000.0,,TSLA,Tesla Inc.,Consumer Discretionary,USA,Electric Vehicles,NASDAQ,,
7,2017-01-01,2017-12-31,2019,FY,10-K,,,-1632000000.0,-1962000000.0,1378000000.0,32000000.0,,,,3368000000.0,,,,,-61000000.0,-4196000000.0,4415000000.0,3415000000.0,,TSLA,Tesla Inc.,Consumer Discretionary,USA,Electric Vehicles,NASDAQ,,
7,2018-01-01,2018-12-31,2020,FY,10-K,,,-388000000.0,-976000000.0,1460000000.0,58000000.0,,,,3686000000.0,,,,,2098000000.0,-2337000000.0,574000000.0,2101000000.0,,TSLA,Tesla Inc.,Consumer Discretionary,USA,Electric Vehicles,NASDAQ,,
7,2019-01-01,2019-12-31,2021,FY,10-K,,,-69000000.0,-862000000.0,1343000000.0,110000000.0,,,,6268000000.0,,,,,2405000000.0,-1436000000.0,1529000000.0,1327000000.0,,TSLA,Tesla Inc.,Consumer Discretionary,USA,Electric Vehicles,NASDAQ,,
7,2020-01-01,2020-12-31,2022,FY,10-K,,,1994000000.0,721000000.0,1491000000.0,292000000.0,,,,19384000000.0,,,,,5943000000.0,-3132000000.0,9973000000.0,3157000000.0,,TSLA,Tesla Inc.,Consumer Discretionary,USA,Electric Vehicles,NASDAQ,,
7,2021-01-01,2021-12-31,2023,FY,10-K,,53823000000.0,6523000000.0,5519000000.0,2593000000.0,699000000.0,,,,17576000000.0,,,,,11497000000.0,-7868000000.0,-5203000000.0,6482000000.0,,TSLA,Tesla Inc.,Consumer Discretionary,USA,Electric Vehicles,NASDAQ,0.12119354179440016,0.10253980640246735
7,2022-01-01,2022-12-31,2024,FY,10-K,,81462000000.0,13656000000.0,12556000000.0,3075000000.0,1132000000.0,,,,16253000000.0,,,,,14724000000.0,-11973000000.0,-3527000000.0,7158000000.0,,TSLA,Tesla Inc.,Consumer Discretionary,USA,Electric Vehicles,NASDAQ,0.16763644398615304,0.15413321548697553
7,2023-01-01,2023-12-31,2025,FY,10-K,,96773000000.0,8891000000.0,14997000000.0,3969000000.0,-5001000000.0,,,,16398000000.0,,,,,13256000000.0,-15584000000.0,2589000000.0,8899000000.0,,TSLA,Tesla Inc.,Consumer Discretionary,USA,Electric Vehicles,NASDAQ,0.0918747997891974,0.15497091130790613
7,2024-01-01,2024-12-31,2025,FY,10-K,,97690000000.0,7076000000.0,7091000000.0,4540000000.0,1837000000.0,122070000000.0,48390000000.0,72913000000.0,,12017000000.0,58360000000.0,28821000000.0,,14923000000.0,-18787000000.0,3853000000.0,11342000000.0,,TSLA,Tesla Inc.,Consumer Discretionary,USA,Electric Vehicles,NASDAQ,0.07243320708363189,0.07258675401781145
7,2025-01-01,2025-12-31,2025,FY,10-K,,94827000000.0,4355000000.0,3794000000.0,6411000000.0,1423000000.0,,,,,,,,,14747000000.0,-15478000000.0,1139000000.0,8527000000.0,,TSLA,Tesla Inc.,Consumer Discretionary,USA,Electric Vehicles,NASDAQ,0.04592573845001951,0.04000970187815706
15,2007-06-01,2008-05-31,2010,FY,10-K,,,7844000000.0,5581000000.0,,2313000000.0,,,,8262000000.0,,,,,7402000000.0,-9076000000.0,3281000000.0,,,ORCL,Oracle Corporation,Technology,USA,Enterprise Software,NYSE,,
15,2008-06-01,2009-05-31,2010,FY,10-K,,,,5677000000.0,,,,,,8995000000.0,,,,,8255000000.0,-2599000000.0,-4422000000.0,,,ORCL,Oracle Corporation,Technology,USA,Enterprise Software,NYSE,,
15,2009-06-01,2010-05-31,2012,FY,10-K,,,9062000000.0,6135000000.0,3254000000.0,,,,,9914000000.0,,,,,8681000000.0,-10319000000.0,2664000000.0,230000000.0,,ORCL,Oracle Corporation,Technology,USA,Enterprise Software,NYSE,,
15,2010-06-01,2011-05-31,2011,FY,10-K,,,,,,2864000000.0,,,,16163000000.0,,,,,11214000000.0,-6081000000.0,516000000.0,450000000.0,,ORCL,Oracle Corporation,Technology,USA,Enterprise Software,NYSE,,
15,2011-06-01,2012-05-31,2014,FY,10-K,,,13706000000.0,9981000000.0,4523000000.0,2981000000.0,,,,14955000000.0,,,,,,,,648000000.0,,ORCL,Oracle Corporation,Technology,USA,Enterprise Software,NYSE,,
15,2012-06-01,2013-05-31,2015,FY,10-K,,,14684000000.0,10925000000.0,4850000000.0,2973000000.0,,,,14613000000.0,,,,,,,,650000000.0,,ORCL,Oracle Corporation,Technology,USA,Enterprise Software,NYSE,,
15,2013-06-01,2014-05-31,2016,FY,10-K,,,14759000000.0,10955000000.0,5151000000.0,2749000000.0,,,,17769000000.0,,,,,,,,580000000.0,,ORCL,Oracle Corporation,Technology,USA,Enterprise Software,NYSE,,
15,2014-06-01,2015-05-31,2017,FY,10-K,,,13871000000.0,9938000000.0,5524000000.0,2896000000.0,,,,21716000000.0,,,,,,,,1391000000.0,,ORCL,Oracle Corporation,Technology,USA,Enterprise Software,NYSE,,
15,2015-06-01,2016-05-31,2018,FY,10-K,,,12604000000.0,8901000000.0,5787000000.0,2541000000.0,,,,20152000000.0,,,,,13685000000.0,-5154000000.0,-9980000000.0,1189000000.0,,ORCL,Oracle Corporation,Technology,USA,Enterprise Software,NYSE,,
15,2016-06-01,2017-05-31,2019,FY,10-K,,37792000000.0,12913000000.0,9452000000.0,6153000000.0,2228000000.0,134991000000.0,,53860000000.0,,300000000.0,74515000000.0,24178000000.0,,14126000000.0,-21494000000.0,9086000000.0,2021000000.0,,ORCL,Oracle Corporation,Technology,USA,Enterprise Software,NYSE,0.3416860711261643,0.25010584250635054
15,2017-06-01,2018-05-31,2020,FY,10-K,,39383000000.0,13264000000.0,3587000000.0,6084000000.0,8837000000.0,137851000000.0,,46372000000.0,21620000000.0,398000000.0,76159000000.0,19124000000.0,,15386000000.0,-5625000000.0,-9982000000.0,1736000000.0,,ORCL,Oracle Corporation,Technology,USA,Enterprise Software,NYSE,0.33679506386004116,0.09107990757433411
15,2018-06-01,2019-05-31,2021,FY,10-K,,39506000000.0,13535000000.0,11083000000.0,6026000000.0,1185000000.0,108709000000.0,,21785000000.0,20514000000.0,320000000.0,46386000000.0,18630000000.0,,14551000000.0,26557000000.0,-42056000000.0,1660000000.0,,ORCL,Oracle Corporation,Technology,USA,Enterprise Software,NYSE,0.3426061864020655,0.28053966486103377
15,2019-06-01,2020-05-31,2022,FY,10-K,,39068000000.0,13896000000.0,10135000000.0,6067000000.0,1928000000.0,115438000000.0,,12074000000.0,37239000000.0,211000000.0,52140000000.0,17200000000.0,,13139000000.0,9843000000.0,-6132000000.0,1564000000.0,,ORCL,Oracle Corporation,Technology,USA,Enterprise Software,NYSE,0.355687519197297,0.25941947373809765
15,2020-06-01,2021-05-31,2023,FY,10-K,,40479000000.0,15213000000.0,13746000000.0,6527000000.0,-747000000.0,131107000000.0,,5238000000.0,30098000000.0,142000000.0,55567000000.0,24164000000.0,,15887000000.0,-13098000000.0,-10378000000.0,2135000000.0,,ORCL,Oracle Corporation,Technology,USA,Enterprise Software,NYSE,0.3758245015934188,0.3395834877343808
15,2021-06-01,2022-05-31,2024,FY,10-K,,42440000000.0,10926000000.0,6717000000.0,7219000000.0,932000000.0,109297000000.0,,-6220000000.0,21383000000.0,314000000.0,31633000000.0,19511000000.0,,9539000000.0,11220000000.0,-29126000000.0,4511000000.0,,ORCL,Oracle Corporation,Technology,USA,Enterprise Software,NYSE,0.2574458058435438,0.15827049952874647
15,2022-06-01,2023-05-31,2025,FY,10-K,,49954000000.0,13093000000.0,8503000000.0,8623000000.0,623000000.0,134384000000.0,,1073000000.0,9765000000.0,298000000.0,21004000000.0,23090000000.0,,17165000000.0,-36484000000.0,7910000000.0,8695000000.0,,ORCL,Oracle Corporation,Technology,USA,Enterprise Software,NYSE,0.262101133042399,0.17021659927132962
15,2023-06-01,2024-05-31,2026,FY,10-K,,52961000000.0,15353000000.0,10467000000.0,8915000000.0,1274000000.0,140976000000.0,,8704000000.0,10454000000.0,334000000.0,22554000000.0,31544000000.0,,18673000000.0,-7360000000.0,-10554000000.0,6866000000.0,,ORCL,Oracle Corporation,Technology,USA,Enterprise Software,NYSE,0.2898925624516153,0.19763599629916354
15,2024-06-01,2025-05-31,2026,FY,10-K,,57399000000.0,17678000000.0,12443000000.0,9860000000.0,1717000000.0,168361000000.0,,20451000000.0,10786000000.0,,24579000000.0,32643000000.0,,20821000000.0,-21711000000.0,1098000000.0,21215000000.0,,ORCL,Oracle Corporation,Technology,USA,Enterprise Software,NYSE,0.30798445965957594,0.21678078015296434
15,2025-06-01,2026-05-31,2026,FY,10-K,,67357000000.0,20606000000.0,17087000000.0,10272000000.0,2467000000.0,261759000000.0,,42508000000.0,31289000000.0,,46567000000.0,41764000000.0,,31977000000.0,-51854000000.0,40284000000.0,55663000000.0,,ORCL,Oracle Corporation,Technology,USA,Enterprise Software,NYSE,0.30592217586887777,0.2536781626260077
16,2006-12-02,2007-11-30,2009,FY,10-K,,,857585000.0,723807000.0,,223383000.0,,,4649982000.0,946422000.0,,,,,1441053000.0,81544000.0,-1350390000.0,132075000.0,,ADBE,Adobe Inc.,Technology,USA,Software,NASDAQ,,
16,2007-12-01,2008-11-28,2010,FY,10-K,,,1028271000.0,871814000.0,,206694000.0,,,4410354000.0,886450000.0,,,,,1280682000.0,-304681000.0,-1021567000.0,111792000.0,,ADBE,Adobe Inc.,Technology,USA,Software,NASDAQ,,
16,2008-11-29,2009-11-27,2011,FY,10-K,,,690513000.0,386508000.0,,315012000.0,,,4890568000.0,999487000.0,,,,,1117794000.0,-1497096000.0,477636000.0,119592000.0,,ADBE,Adobe Inc.,Technology,USA,Software,NASDAQ,,
16,2009-11-28,2010-12-03,2012,FY,10-K,,,993074000.0,774680000.0,,168471000.0,,,5192387000.0,749891000.0,,,,,1112995000.0,-1159294000.0,-215262000.0,169642000.0,,ADBE,Adobe Inc.,Technology,USA,Software,NASDAQ,,
16,2010-12-04,2011-12-02,2013,FY,10-K,,,1099299000.0,832847000.0,,202383000.0,,,5783113000.0,989500000.0,,,,,1543314000.0,-757402000.0,-550358000.0,210294000.0,,ADBE,Adobe Inc.,Technology,USA,Software,NASDAQ,,
16,2011-12-03,2012-11-30,2014,FY,10-K,,,1180191000.0,832775000.0,,286019000.0,,,6665182000.0,1425052000.0,,,,,1499580000.0,-834662000.0,-234723000.0,271076000.0,,ADBE,Adobe Inc.,Technology,USA,Software,NASDAQ,,
16,2012-12-01,2013-11-29,2015,FY,10-K,,,422723000.0,289985000.0,,66156000.0,,,6724634000.0,834556000.0,,,,,1151686000.0,-1177803000.0,-559138000.0,188358000.0,,ADBE,Adobe Inc.,Technology,USA,Software,NASDAQ,,
16,2013-11-30,2014-11-28,2016,FY,10-K,,,412685000.0,268395000.0,,92981000.0,,,6775905000.0,1117400000.0,,,,,1287482000.0,-490707000.0,-507283000.0,148332000.0,,ADBE,Adobe Inc.,Technology,USA,Software,NASDAQ,,
16,2014-11-29,2015-11-27,2017,FY,10-K,,,903095000.0,629551000.0,,244230000.0,,,7001580000.0,876560000.0,,,,,1469502000.0,-1488358000.0,-200687000.0,184936000.0,,ADBE,Adobe Inc.,Technology,USA,Software,NASDAQ,,
16,2015-11-28,2016-12-02,2018,FY,10-K,,,1493602000.0,1168782000.0,,266356000.0,,,7424835000.0,1011315000.0,,,,,2199728000.0,-960033000.0,-1090706000.0,203805000.0,,ADBE,Adobe Inc.,Technology,USA,Software,NASDAQ,,
16,2016-12-03,2017-12-01,2019,FY,10-K,,,2168095000.0,1693954000.0,,443687000.0,,,8459000000.0,2306000000.0,,,,,2912853000.0,-442877000.0,-1183735000.0,178122000.0,,ADBE,Adobe Inc.,Technology,USA,Software,NASDAQ,,
16,2017-12-02,2018-11-30,2020,FY,10-K,,,2840000000.0,2591000000.0,,203000000.0,,,9362000000.0,1643000000.0,,,,,4029000000.0,-4685000000.0,-5000000.0,267000000.0,,ADBE,Adobe Inc.,Technology,USA,Software,NASDAQ,,
16,2018-12-01,2019-11-29,2021,FY,10-K,,,3268000000.0,2951000000.0,,254000000.0,,,10530000000.0,,,,,,4422000000.0,-456000000.0,-2946000000.0,395000000.0,,ADBE,Adobe Inc.,Technology,USA,Software,NASDAQ,,
16,2019-11-30,2020-11-27,2022,FY,10-K,,,4237000000.0,5260000000.0,,-1084000000.0,,,13264000000.0,,,,,,5727000000.0,-414000000.0,-3488000000.0,419000000.0,,ADBE,Adobe Inc.,Technology,USA,Software,NASDAQ,,
16,2020-11-28,2021-12-03,2023,FY,10-K,,,5802000000.0,4822000000.0,,883000000.0,,,14797000000.0,,,,,,7230000000.0,-3537000000.0,-4301000000.0,348000000.0,,ADBE,Adobe Inc.,Technology,USA,Software,NASDAQ,,
16,2021-12-04,2022-12-02,2024,FY,10-K,,,6098000000.0,4756000000.0,,1252000000.0,,,14051000000.0,,,,,,7838000000.0,-570000000.0,-6825000000.0,442000000.0,,ADBE,Adobe Inc.,Technology,USA,Software,NASDAQ,,
16,2022-12-03,2023-12-01,2025,FY,10-K,,,6650000000.0,5428000000.0,,1371000000.0,,,16518000000.0,,,,,,7302000000.0,776000000.0,-5182000000.0,360000000.0,,ADBE,Adobe Inc.,Technology,USA,Software,NASDAQ,,
16,2023-12-02,2024-11-29,2025,FY,10-K,,,6741000000.0,5560000000.0,,1371000000.0,30230000000.0,16125000000.0,,7613000000.0,,11232000000.0,10521000000.0,,8056000000.0,149000000.0,-7724000000.0,183000000.0,,ADBE,Adobe Inc.,Technology,USA,Software,NASDAQ,,
16,2024-11-30,2025-11-28,2025,FY,10-K,,,8706000000.0,7130000000.0,,1604000000.0,,,,,,,,,10031000000.0,-1187000000.0,-11060000000.0,179000000.0,,ADBE,Adobe Inc.,Technology,USA,Software,NASDAQ,,
17,2007-02-01,2008-01-31,2009,FY,10-K,,,20309000.0,18356000.0,63812000.0,23385000.0,,,,279095000.0,,,,,204275000.0,-102709000.0,92713000.0,43552000.0,,CRM,Salesforce Inc.,Technology,USA,Cloud Software,NYSE,,
17,2008-02-01,2009-01-31,2010,FY,10-K,,,63742000.0,43428000.0,99530000.0,37557000.0,,,,483834000.0,,,,,229557000.0,-99375000.0,75289000.0,61059000.0,,CRM,Salesforce Inc.,Technology,USA,Cloud Software,NYSE,,
17,2009-02-01,2010-01-31,2011,FY,10-K,,,115272000.0,80719000.0,131897000.0,57689000.0,,,,1011306000.0,,,,,270911000.0,-378616000.0,637153000.0,49501000.0,,CRM,Salesforce Inc.,Technology,USA,Cloud Software,NYSE,,
17,2010-02-01,2011-01-31,2012,FY,10-K,,,97497000.0,64474000.0,187887000.0,34601000.0,,,1276491000.0,424292000.0,,,,,459081000.0,-1062554000.0,14074000.0,90887000.0,,CRM,Salesforce Inc.,Technology,USA,Cloud Software,NYSE,,
17,2011-02-01,2012-01-31,2013,FY,10-K,,,-35085000.0,-11572000.0,295347000.0,-21745000.0,,,1587360000.0,607284000.0,,,,,591507000.0,-489690000.0,75850000.0,151645000.0,,CRM,Salesforce Inc.,Technology,USA,Cloud Software,NYSE,,
17,2012-02-01,2013-01-31,2015,FY,10-K,,,-110710000.0,-270445000.0,429479000.0,142651000.0,5528956000.0,3157711000.0,,,,2015880000.0,2917624000.0,0.0,736897000.0,-938918000.0,334545000.0,175601000.0,,CRM,Salesforce Inc.,Technology,USA,Cloud Software,NYSE,,
17,2014-02-01,2015-01-31,2017,FY,10-K,,,-145633000.0,-262688000.0,792917000.0,49603000.0,,,3975183000.0,908117000.0,,,,,1181444000.0,-698360000.0,-318211000.0,290454000.0,,CRM,Salesforce Inc.,Technology,USA,Cloud Software,NYSE,,
17,2015-02-01,2016-01-31,2018,FY,10-K,,,114923000.0,-47426000.0,946300000.0,111705000.0,,,5003000000.0,1158000000.0,,,,,1672081000.0,-1487878000.0,73152000.0,284476000.0,,CRM,Salesforce Inc.,Technology,USA,Cloud Software,NYSE,,
17,2016-02-01,2017-01-31,2019,FY,10-K,,8437000000.0,218000000.0,323000000.0,1208000000.0,-144000000.0,,,8230000000.0,,,,,,2162000000.0,-2684000000.0,998000000.0,464000000.0,,CRM,Salesforce Inc.,Technology,USA,Cloud Software,NYSE,0.02583856821144957,0.03828375014815693
17,2017-02-01,2018-01-31,2020,FY,10-K,,10540000000.0,454000000.0,360000000.0,1553000000.0,60000000.0,,,10376000000.0,,,,,,2738000000.0,-2011000000.0,221000000.0,534000000.0,,CRM,Salesforce Inc.,Technology,USA,Cloud Software,NYSE,0.043074003795066415,0.03415559772296015
17,2018-02-01,2019-01-31,2020,FY,10-K,,,,1110000000.0,1886000000.0,,,,15605000000.0,,,,,,3398000000.0,-5308000000.0,2010000000.0,595000000.0,,CRM,Salesforce Inc.,Technology,USA,Cloud Software,NYSE,,
17,2019-02-01,2020-01-31,2022,FY,10-K,,17098000000.0,297000000.0,126000000.0,2766000000.0,580000000.0,,,33885000000.0,,,,,,4331000000.0,-2980000000.0,164000000.0,643000000.0,,CRM,Salesforce Inc.,Technology,USA,Cloud Software,NYSE,0.017370452684524505,0.007369282957071003
17,2020-02-01,2021-01-31,2023,FY,10-K,,21252000000.0,455000000.0,4072000000.0,3598000000.0,-1511000000.0,,,41493000000.0,,,,,,4801000000.0,-3971000000.0,1194000000.0,710000000.0,,CRM,Salesforce Inc.,Technology,USA,Cloud Software,NYSE,0.021409749670619236,0.19160549595332205
17,2021-02-01,2022-01-31,2024,FY,10-K,,26492000000.0,548000000.0,,4465000000.0,88000000.0,,,58131000000.0,,,,,,6000000000.0,-14536000000.0,7838000000.0,717000000.0,,CRM,Salesforce Inc.,Technology,USA,Cloud Software,NYSE,0.020685489959232976,
17,2022-02-01,2023-01-31,2025,FY,10-K,,31352000000.0,1030000000.0,,5055000000.0,452000000.0,,,58359000000.0,,,,,,7111000000.0,-1989000000.0,-3562000000.0,798000000.0,0.0,CRM,Salesforce Inc.,Technology,USA,Cloud Software,NYSE,0.03285276856340903,
17,2023-02-01,2024-01-31,2025,FY,10-K,,34857000000.0,5011000000.0,,4906000000.0,814000000.0,,,59646000000.0,,,,,,10234000000.0,-1327000000.0,-7477000000.0,736000000.0,0.0,CRM,Salesforce Inc.,Technology,USA,Cloud Software,NYSE,0.14375878589666352,
17,2024-02-01,2025-01-31,2025,FY,10-K,,37895000000.0,7205000000.0,,5493000000.0,1241000000.0,102928000000.0,41755000000.0,,8848000000.0,,29727000000.0,27980000000.0,8433000000.0,13092000000.0,-3163000000.0,-9429000000.0,658000000.0,1537000000.0,CRM,Salesforce Inc.,Technology,USA,Cloud Software,NYSE,0.19013062409288825,
17,2025-02-01,2026-01-31,2025,FY,10-K,,41525000000.0,8331000000.0,,5993000000.0,2063000000.0,,,,,,,,,14996000000.0,-8590000000.0,-8079000000.0,594000000.0,1587000000.0,CRM,Salesforce Inc.,Technology,USA,Cloud Software,NYSE,0.20062612883804937,
18,2007-12-30,2008-12-27,2010,FY,10-K,,,-1955000000.0,,1848000000.0,68000000.0,,,127000000.0,933000000.0,,,,,-692000000.0,-27000000.0,220000000.0,624000000.0,,AMD,Advanced Micro Devices Inc.,Technology,USA,Semiconductors,NASDAQ,,
18,2008-12-28,2009-12-26,2011,FY,10-K,,,664000000.0,,1721000000.0,112000000.0,,,648000000.0,,,,,,473000000.0,-1273000000.0,1524000000.0,466000000.0,,AMD,Advanced Micro Devices Inc.,Technology,USA,Semiconductors,NASDAQ,,
18,2009-12-27,2010-12-25,2012,FY,10-K,,,848000000.0,471000000.0,1405000000.0,38000000.0,,,1013000000.0,606000000.0,,,,,-412000000.0,-1123000000.0,484000000.0,148000000.0,,AMD,Advanced Micro Devices Inc.,Technology,USA,Semiconductors,NASDAQ,,
18,2010-12-26,2011-12-31,2013,FY,10-K,,,368000000.0,491000000.0,1453000000.0,-4000000.0,,,1590000000.0,869000000.0,,,,,382000000.0,-113000000.0,-6000000.0,250000000.0,,AMD,Advanced Micro Devices Inc.,Technology,USA,Semiconductors,NASDAQ,,
18,2012-01-01,2012-12-29,2014,FY,10-K,,,-1056000000.0,-1183000000.0,1354000000.0,-34000000.0,,,538000000.0,549000000.0,,,,,-338000000.0,-19000000.0,37000000.0,133000000.0,,AMD,Advanced Micro Devices Inc.,Technology,USA,Semiconductors,NASDAQ,,
18,2012-12-30,2013-12-28,2015,FY,10-K,,,103000000.0,-83000000.0,1201000000.0,9000000.0,,,544000000.0,869000000.0,,,,,-148000000.0,455000000.0,13000000.0,84000000.0,,AMD,Advanced Micro Devices Inc.,Technology,USA,Semiconductors,NASDAQ,,
18,2013-12-29,2014-12-27,2016,FY,10-K,,,-155000000.0,-403000000.0,1072000000.0,5000000.0,,,187000000.0,805000000.0,,,,,-98000000.0,-12000000.0,46000000.0,95000000.0,,AMD,Advanced Micro Devices Inc.,Technology,USA,Semiconductors,NASDAQ,,
18,2014-12-28,2015-12-26,2017,FY,10-K,,,-481000000.0,-660000000.0,947000000.0,14000000.0,,,-350000000.0,,,,,,-226000000.0,147000000.0,59000000.0,96000000.0,,AMD,Advanced Micro Devices Inc.,Technology,USA,Semiconductors,NASDAQ,,
18,2015-12-27,2016-12-31,2018,FY,10-K,,4319000000.0,-373000000.0,-498000000.0,1008000000.0,39000000.0,,,477000000.0,1264000000.0,691000000.0,,,,81000000.0,277000000.0,122000000.0,77000000.0,,AMD,Advanced Micro Devices Inc.,Technology,USA,Semiconductors,NASDAQ,-0.08636258393146562,-0.11530446862699699
18,2017-01-01,2017-12-30,2019,FY,10-K,,5253000000.0,127000000.0,-33000000.0,1196000000.0,18000000.0,,,596000000.0,1185000000.0,,,,,12000000.0,-54000000.0,-33000000.0,113000000.0,,AMD,Advanced Micro Devices Inc.,Technology,USA,Semiconductors,NASDAQ,0.024176660955644393,-0.006282124500285551
18,2017-12-31,2018-12-29,2020,FY,10-K,,6475000000.0,451000000.0,337000000.0,1434000000.0,-9000000.0,,,1266000000.0,1078000000.0,,,,,34000000.0,-170000000.0,28000000.0,163000000.0,,AMD,Advanced Micro Devices Inc.,Technology,USA,Semiconductors,NASDAQ,0.06965250965250966,0.05204633204633204
18,2018-12-30,2019-12-28,2021,FY,10-K,,6731000000.0,631000000.0,341000000.0,1547000000.0,31000000.0,,,2827000000.0,1466000000.0,,,,,493000000.0,-149000000.0,43000000.0,217000000.0,,AMD,Advanced Micro Devices Inc.,Technology,USA,Semiconductors,NASDAQ,0.09374535730203536,0.05066112019016491
18,2019-12-29,2020-12-26,2022,FY,10-K,,9763000000.0,1369000000.0,2490000000.0,1983000000.0,-1210000000.0,,,5837000000.0,,,,,,1071000000.0,-952000000.0,6000000.0,294000000.0,,AMD,Advanced Micro Devices Inc.,Technology,USA,Semiconductors,NASDAQ,0.14022329202089523,0.25504455597664655
18,2020-12-27,2021-12-25,2023,FY,10-K,,16434000000.0,3648000000.0,3162000000.0,2845000000.0,513000000.0,,,7497000000.0,,,,,,3521000000.0,686000000.0,1895000000.0,301000000.0,,AMD,Advanced Micro Devices Inc.,Technology,USA,Semiconductors,NASDAQ,0.22197882438846295,0.1924059875867105
18,2021-12-26,2022-12-31,2024,FY,10-K,,23601000000.0,1264000000.0,1320000000.0,5005000000.0,-122000000.0,,,54750000000.0,4835000000.0,,,,,3565000000.0,1999000000.0,-3264000000.0,450000000.0,,AMD,Advanced Micro Devices Inc.,Technology,USA,Semiconductors,NASDAQ,0.05355705266725986,0.055929833481632135
18,2023-01-01,2023-12-30,2025,FY,10-K,,22680000000.0,401000000.0,854000000.0,5872000000.0,-346000000.0,,,55892000000.0,3933000000.0,,,,,1667000000.0,-1423000000.0,-1146000000.0,546000000.0,,AMD,Advanced Micro Devices Inc.,Technology,USA,Semiconductors,NASDAQ,0.017680776014109348,0.037654320987654324
18,2023-12-31,2024-12-28,2025,FY,10-K,,25785000000.0,1900000000.0,1641000000.0,6456000000.0,381000000.0,69226000000.0,,57568000000.0,3787000000.0,5734000000.0,19049000000.0,7281000000.0,1721000000.0,3041000000.0,-1101000000.0,-2062000000.0,636000000.0,,AMD,Advanced Micro Devices Inc.,Technology,USA,Semiconductors,NASDAQ,0.0736862516967229,0.06364165212332752
18,2024-12-29,2025-12-27,2025,FY,10-K,,34639000000.0,3694000000.0,4335000000.0,8091000000.0,-103000000.0,,,,,,,,,7709000000.0,-5533000000.0,-431000000.0,974000000.0,,AMD,Advanced Micro Devices Inc.,Technology,USA,Semiconductors,NASDAQ,0.10664280146655504,0.12514795461762754
19,2006-12-31,2007-12-29,2009,FY,10-K,,,8216000000.0,6976000000.0,5755000000.0,,,,43220000000.0,7307000000.0,,,,,12625000000.0,-9926000000.0,-1990000000.0,5000000000.0,,INTC,Intel Corporation,Technology,USA,Semiconductors,NASDAQ,,
19,2007-12-30,2008-12-27,2010,FY,10-K,,,8954000000.0,5292000000.0,5722000000.0,,,,39546000000.0,3350000000.0,,,,,10926000000.0,-5865000000.0,-9018000000.0,5197000000.0,,INTC,Intel Corporation,Technology,USA,Semiconductors,NASDAQ,,
19,2008-12-28,2009-12-26,2011,FY,10-K,,,5711000000.0,4369000000.0,5653000000.0,,,,41704000000.0,3987000000.0,,,,,11170000000.0,-7965000000.0,-2568000000.0,4515000000.0,,INTC,Intel Corporation,Technology,USA,Semiconductors,NASDAQ,,
19,2009-12-27,2010-12-25,2012,FY,10-K,,,15588000000.0,11464000000.0,6576000000.0,,,,49430000000.0,5498000000.0,,,,,16692000000.0,-10539000000.0,-4642000000.0,5207000000.0,,INTC,Intel Corporation,Technology,USA,Semiconductors,NASDAQ,,
19,2010-12-26,2011-12-31,2013,FY,10-K,,,17477000000.0,12942000000.0,8350000000.0,4839000000.0,71119000000.0,,,,4096000000.0,25872000000.0,12028000000.0,7084000000.0,,,,10764000000.0,,INTC,Intel Corporation,Technology,USA,Semiconductors,NASDAQ,,
19,2012-12-30,2013-12-28,2015,FY,10-K,,,12291000000.0,9620000000.0,10611000000.0,2991000000.0,,,58256000000.0,5674000000.0,,,,,,,,10711000000.0,,INTC,Intel Corporation,Technology,USA,Semiconductors,NASDAQ,,
19,2013-12-29,2014-12-27,2016,FY,10-K,,,15347000000.0,11704000000.0,11537000000.0,4097000000.0,,,55865000000.0,2561000000.0,,,,,,,,10105000000.0,,INTC,Intel Corporation,Technology,USA,Semiconductors,NASDAQ,,
19,2014-12-28,2015-12-26,2017,FY,10-K,,,14002000000.0,11420000000.0,12128000000.0,2792000000.0,,,61085000000.0,15308000000.0,,,,,,,,7326000000.0,,INTC,Intel Corporation,Technology,USA,Semiconductors,NASDAQ,,
19,2015-12-27,2016-12-31,2018,FY,10-K,,59387000000.0,13133000000.0,10316000000.0,12685000000.0,2620000000.0,,,66226000000.0,,,,,,,,,9625000000.0,,INTC,Intel Corporation,Technology,USA,Semiconductors,NASDAQ,0.2211426743226632,0.17370805058346103
19,2017-01-01,2017-12-30,2019,FY,10-K,,62761000000.0,18050000000.0,9601000000.0,13035000000.0,10751000000.0,,,69653000000.0,,,,,,22110000000.0,-15762000000.0,-8475000000.0,11778000000.0,,INTC,Intel Corporation,Technology,USA,Semiconductors,NASDAQ,0.2875989866318255,0.15297716734914996
19,2017-12-31,2018-12-29,2020,FY,10-K,,70848000000.0,23316000000.0,21053000000.0,13543000000.0,2264000000.0,,,74563000000.0,,,,,,29432000000.0,-11239000000.0,-18607000000.0,15181000000.0,,INTC,Intel Corporation,Technology,USA,Semiconductors,NASDAQ,0.3290989159891599,0.2971572944896116
19,2018-12-30,2019-12-28,2021,FY,10-K,,71965000000.0,22035000000.0,21048000000.0,13362000000.0,3010000000.0,,,77504000000.0,,,,,,33145000000.0,-14405000000.0,-17565000000.0,16213000000.0,,INTC,Intel Corporation,Technology,USA,Semiconductors,NASDAQ,0.3061905092753422,0.2924755089279511
19,2019-12-29,2020-12-26,2022,FY,10-K,,77867000000.0,23678000000.0,20899000000.0,13556000000.0,4179000000.0,153091000000.0,,,,8427000000.0,47249000000.0,24754000000.0,33897000000.0,35864000000.0,-21524000000.0,-12669000000.0,14259000000.0,,INTC,Intel Corporation,Technology,USA,Semiconductors,NASDAQ,0.30408260238611995,0.26839354283586114
19,2020-12-27,2021-12-25,2023,FY,10-K,,79024000000.0,19456000000.0,19868000000.0,15190000000.0,1835000000.0,168406000000.0,,95391000000.0,,10776000000.0,58558000000.0,27462000000.0,33510000000.0,29456000000.0,-24283000000.0,-6211000000.0,18733000000.0,,INTC,Intel Corporation,Technology,USA,Semiconductors,NASDAQ,0.2462036849564689,0.2514172909495849
19,2021-12-26,2022-12-31,2024,FY,10-K,,63054000000.0,2334000000.0,8014000000.0,17528000000.0,-249000000.0,182103000000.0,,101423000000.0,,13224000000.0,50407000000.0,32155000000.0,37684000000.0,15433000000.0,-10231000000.0,1115000000.0,24844000000.0,,INTC,Intel Corporation,Technology,USA,Semiconductors,NASDAQ,0.03701589114092683,0.1270974085704317
19,2023-01-01,2023-12-30,2025,FY,10-K,,54228000000.0,93000000.0,1689000000.0,16046000000.0,-913000000.0,191572000000.0,,105590000000.0,,11127000000.0,43269000000.0,28053000000.0,46978000000.0,11471000000.0,-24041000000.0,8505000000.0,25750000000.0,,INTC,Intel Corporation,Technology,USA,Semiconductors,NASDAQ,0.001714981190528878,0.031146271298959947
19,2023-12-31,2024-12-28,2025,FY,10-K,,53101000000.0,-11678000000.0,-18756000000.0,16546000000.0,8023000000.0,196485000000.0,,99270000000.0,8249000000.0,12198000000.0,47324000000.0,35666000000.0,46282000000.0,8288000000.0,-18256000000.0,11138000000.0,23944000000.0,,INTC,Intel Corporation,Technology,USA,Semiconductors,NASDAQ,-0.2199205288036007,-0.35321368712453627
19,2024-12-29,2025-12-27,2025,FY,10-K,,52853000000.0,-2214000000.0,-267000000.0,13774000000.0,1531000000.0,,,,,,,,,9697000000.0,-14821000000.0,11587000000.0,14646000000.0,,INTC,Intel Corporation,Technology,USA,Semiconductors,NASDAQ,-0.04188976973870925,-0.005051747299112633
20,2008-07-27,2009-07-25,2011,FY,10-K,,,7322000000.0,6134000000.0,,1559000000.0,,,,5718000000.0,,,,,9897000000.0,-9959000000.0,589000000.0,1005000000.0,,CSCO,Cisco Systems Inc.,Technology,USA,Networking Equipment,NASDAQ,,
20,2009-07-26,2010-07-31,2012,FY,10-K,,,9164000000.0,7767000000.0,,1648000000.0,,,,4581000000.0,,,,,10173000000.0,-11931000000.0,621000000.0,1008000000.0,,CSCO,Cisco Systems Inc.,Technology,USA,Networking Equipment,NASDAQ,,
20,2010-08-01,2011-07-30,2013,FY,10-K,,,7674000000.0,6490000000.0,5823000000.0,1335000000.0,,,,7662000000.0,,,,,10079000000.0,-2934000000.0,-4064000000.0,1174000000.0,658000000.0,CSCO,Cisco Systems Inc.,Technology,USA,Networking Equipment,NASDAQ,,
20,2011-07-31,2012-07-28,2014,FY,10-K,,,10065000000.0,8041000000.0,5488000000.0,2118000000.0,,,,9799000000.0,,,,,,,,1126000000.0,1501000000.0,CSCO,Cisco Systems Inc.,Technology,USA,Networking Equipment,NASDAQ,,
20,2012-07-29,2013-07-27,2015,FY,10-K,,,11196000000.0,9983000000.0,5942000000.0,1244000000.0,,,,7925000000.0,,,,,,,,1160000000.0,3310000000.0,CSCO,Cisco Systems Inc.,Technology,USA,Networking Equipment,NASDAQ,,
20,2013-07-28,2014-07-26,2016,FY,10-K,,,9345000000.0,7853000000.0,6294000000.0,1862000000.0,,,,6726000000.0,,,,,,,,1275000000.0,3758000000.0,CSCO,Cisco Systems Inc.,Technology,USA,Networking Equipment,NASDAQ,,
20,2014-07-27,2015-07-25,2017,FY,10-K,,,10770000000.0,8981000000.0,6207000000.0,2220000000.0,,,,6877000000.0,,,,,,,,1227000000.0,4086000000.0,CSCO,Cisco Systems Inc.,Technology,USA,Networking Equipment,NASDAQ,,
20,2015-07-26,2016-07-30,2018,FY,10-K,,,12660000000.0,10739000000.0,6296000000.0,2181000000.0,,,,7631000000.0,,,,,13570000000.0,-8117000000.0,-4699000000.0,1146000000.0,4750000000.0,CSCO,Cisco Systems Inc.,Technology,USA,Networking Equipment,NASDAQ,,
20,2016-07-31,2017-07-29,2019,FY,10-K,,48005000000.0,11973000000.0,9609000000.0,6059000000.0,2678000000.0,,,66137000000.0,,,,,,13876000000.0,-6036000000.0,-3806000000.0,964000000.0,5511000000.0,CSCO,Cisco Systems Inc.,Technology,USA,Networking Equipment,NASDAQ,0.24941151963337152,0.2001666493073638
20,2017-07-30,2018-07-28,2020,FY,10-K,,49330000000.0,12309000000.0,110000000.0,6332000000.0,12929000000.0,,,43204000000.0,,,,,,13666000000.0,15318000000.0,-31764000000.0,834000000.0,5968000000.0,CSCO,Cisco Systems Inc.,Technology,USA,Networking Equipment,NASDAQ,0.24952361646057167,0.0022298803973241437
20,2018-07-29,2019-07-27,2021,FY,10-K,,51904000000.0,14219000000.0,11621000000.0,6577000000.0,2950000000.0,,,33571000000.0,,,,,,15831000000.0,14837000000.0,-27889000000.0,909000000.0,5979000000.0,CSCO,Cisco Systems Inc.,Technology,USA,Networking Equipment,NASDAQ,0.27394805795314425,0.22389411220715166
20,2019-07-28,2020-07-25,2022,FY,10-K,,49301000000.0,13620000000.0,11214000000.0,6347000000.0,2756000000.0,,,37920000000.0,,,,,,15426000000.0,3500000000.0,-18856000000.0,770000000.0,6016000000.0,CSCO,Cisco Systems Inc.,Technology,USA,Networking Equipment,NASDAQ,0.27626214478408145,0.22745988925173932
20,2020-07-26,2021-07-31,2023,FY,10-K,,49818000000.0,12833000000.0,10591000000.0,6549000000.0,2671000000.0,,,41275000000.0,,,,,,15454000000.0,-5285000000.0,-12097000000.0,692000000.0,6163000000.0,CSCO,Cisco Systems Inc.,Technology,USA,Networking Equipment,NASDAQ,0.25759765546589586,0.21259384158336345
20,2021-08-01,2022-07-30,2024,FY,10-K,,51557000000.0,13969000000.0,11812000000.0,6774000000.0,2665000000.0,,,39773000000.0,,,,,,13226000000.0,1553000000.0,-15962000000.0,477000000.0,6224000000.0,CSCO,Cisco Systems Inc.,Technology,USA,Networking Equipment,NASDAQ,0.2709428399635355,0.22910565005721822
20,2022-07-31,2023-07-29,2025,FY,10-K,,56998000000.0,15031000000.0,12613000000.0,7551000000.0,2705000000.0,,,44353000000.0,,,,,,19886000000.0,-5107000000.0,-11626000000.0,849000000.0,6302000000.0,CSCO,Cisco Systems Inc.,Technology,USA,Networking Equipment,NASDAQ,0.26371100740376857,0.2212884662619741
20,2023-07-30,2024-07-27,2025,FY,10-K,,53803000000.0,12181000000.0,10320000000.0,7983000000.0,1914000000.0,124413000000.0,78956000000.0,,7508000000.0,3373000000.0,36862000000.0,40584000000.0,19621000000.0,10880000000.0,-20478000000.0,6844000000.0,670000000.0,6384000000.0,CSCO,Cisco Systems Inc.,Technology,USA,Networking Equipment,NASDAQ,0.22640001486905934,0.1918108655651172
20,2024-07-28,2025-07-26,2025,FY,10-K,,56654000000.0,11760000000.0,10180000000.0,9300000000.0,920000000.0,,,,,,,,,14193000000.0,1733000000.0,-15815000000.0,905000000.0,6437000000.0,CSCO,Cisco Systems Inc.,Technology,USA,Networking Equipment,NASDAQ,0.20757581106364953,0.17968722420305716
21,2007-01-01,2007-12-31,2009,FY,10-K,,,,,6153000000.0,4071000000.0,,,,14991000000.0,,,,,,,,4630000000.0,,IBM,International Business Machines Corporation,Technology,USA,IT Services,NYSE,,
21,2008-01-01,2008-12-31,2010,FY,10-K,,,,,6337000000.0,4381000000.0,,,,12741000000.0,,,,,18812000000.0,-9285000000.0,-11834000000.0,4171000000.0,,IBM,International Business Machines Corporation,Technology,USA,IT Services,NYSE,,
21,2009-01-01,2009-12-31,2009,FY,10-K,,,,,5820000000.0,4713000000.0,,,,12183000000.0,,,,,,,,3447000000.0,,IBM,International Business Machines Corporation,Technology,USA,IT Services,NYSE,,
21,2009-12-31,2010-12-31,2012,FY,10-K,,,,,6026000000.0,4890000000.0,,,,10661000000.0,,,,,,,,4185000000.0,,IBM,International Business Machines Corporation,Technology,USA,IT Services,NYSE,,
21,2011-01-01,2011-12-31,2013,FY,10-K,,,,,6258000000.0,5148000000.0,,,,11922000000.0,,,,,,,,4108000000.0,,IBM,International Business Machines Corporation,Technology,USA,IT Services,NYSE,,
21,2012-01-01,2012-12-31,2014,FY,10-K,,,,,5816000000.0,5541000000.0,119213000000.0,,,,,,,,,,,4082000000.0,,IBM,International Business Machines Corporation,Technology,USA,IT Services,NYSE,,
21,2014-01-01,2014-12-31,2016,FY,10-K,,,,,5437000000.0,4234000000.0,,,,8476000000.0,,,,,16868000000.0,-3001000000.0,-15452000000.0,3740000000.0,,IBM,International Business Machines Corporation,Technology,USA,IT Services,NYSE,,
21,2015-01-01,2015-12-31,2017,FY,10-K,,,,13190000000.0,5247000000.0,2581000000.0,110495000000.0,,,7686000000.0,,,,,17255000000.0,-8159000000.0,-9413000000.0,3579000000.0,,IBM,International Business Machines Corporation,Technology,USA,IT Services,NYSE,,
21,2016-01-01,2016-12-31,2018,FY,10-K,,,,11872000000.0,5726000000.0,449000000.0,117470000000.0,,,,,,,,17084000000.0,-10928000000.0,-5917000000.0,3567000000.0,,IBM,International Business Machines Corporation,Technology,USA,IT Services,NYSE,,
21,2017-01-01,2017-12-31,2019,FY,10-K,,,,5753000000.0,5590000000.0,5642000000.0,125356000000.0,,,,,,,,16724000000.0,-7081000000.0,-6418000000.0,3229000000.0,,IBM,International Business Machines Corporation,Technology,USA,IT Services,NYSE,,
21,2018-01-01,2018-12-31,2020,FY,10-K,,,,8728000000.0,5379000000.0,2619000000.0,123382000000.0,,,,,,,,15247000000.0,-4913000000.0,-10469000000.0,3395000000.0,,IBM,International Business Machines Corporation,Technology,USA,IT Services,NYSE,,
21,2019-01-01,2019-12-31,2021,FY,10-K,,,,9431000000.0,5910000000.0,60000000.0,152186000000.0,,,,,,,,14770000000.0,-26936000000.0,9042000000.0,2286000000.0,,IBM,International Business Machines Corporation,Technology,USA,IT Services,NYSE,,
21,2020-01-01,2020-12-31,2022,FY,10-K,,,,5590000000.0,6262000000.0,-1360000000.0,155971000000.0,,,,,,,,18197000000.0,-3028000000.0,-9721000000.0,2618000000.0,,IBM,International Business Machines Corporation,Technology,USA,IT Services,NYSE,,
21,2021-01-01,2021-12-31,2023,FY,10-K,,,,5743000000.0,6488000000.0,124000000.0,132001000000.0,113005000000.0,18901000000.0,6650000000.0,1649000000.0,29539000000.0,33619000000.0,44917000000.0,12796000000.0,-5975000000.0,-13354000000.0,2062000000.0,,IBM,International Business Machines Corporation,Technology,USA,IT Services,NYSE,,
21,2022-01-01,2022-12-31,2024,FY,10-K,,,,1639000000.0,6567000000.0,-626000000.0,127243000000.0,105222000000.0,21944000000.0,7886000000.0,1552000000.0,29118000000.0,31505000000.0,46189000000.0,10435000000.0,-4202000000.0,-4958000000.0,1346000000.0,,IBM,International Business Machines Corporation,Technology,USA,IT Services,NYSE,,
21,2023-01-01,2023-12-31,2025,FY,10-K,,,,7502000000.0,6775000000.0,1176000000.0,135241000000.0,112628000000.0,22533000000.0,13068000000.0,1161000000.0,32908000000.0,34122000000.0,50121000000.0,13931000000.0,-7070000000.0,-1769000000.0,1245000000.0,,IBM,International Business Machines Corporation,Technology,USA,IT Services,NYSE,,
21,2024-01-01,2024-12-31,2025,FY,10-K,,,,6023000000.0,7479000000.0,-218000000.0,137175000000.0,109783000000.0,27307000000.0,13947000000.0,1289000000.0,34482000000.0,33142000000.0,49884000000.0,13445000000.0,-4937000000.0,-7079000000.0,1048000000.0,,IBM,International Business Machines Corporation,Technology,USA,IT Services,NYSE,,
21,2025-01-01,2025-12-31,2025,FY,10-K,,,,10593000000.0,8316000000.0,-242000000.0,,,,,,,,,13193000000.0,-10302000000.0,-3829000000.0,1091000000.0,,IBM,International Business Machines Corporation,Technology,USA,IT Services,NYSE,,
22,2007-10-01,2008-09-28,2010,FY,10-K,,,3730000000.0,3160000000.0,2281000000.0,666000000.0,,,,1840000000.0,,,,,3558000000.0,-2819000000.0,-1307000000.0,,982000000.0,QCOM,Qualcomm Incorporated,Technology,USA,Semiconductors,NASDAQ,,
22,2008-09-29,2009-09-27,2011,FY,10-K,,,2542000000.0,1592000000.0,2345000000.0,611000000.0,,,,2717000000.0,,,,,7172000000.0,-5457000000.0,-833000000.0,,1093000000.0,QCOM,Qualcomm Incorporated,Technology,USA,Semiconductors,NASDAQ,,
22,2009-09-28,2010-09-26,2012,FY,10-K,,,3727000000.0,3247000000.0,2451000000.0,973000000.0,,,,3547000000.0,,,,,4076000000.0,-839000000.0,-2405000000.0,,1177000000.0,QCOM,Qualcomm Incorporated,Technology,USA,Semiconductors,NASDAQ,,
22,2010-09-27,2011-09-25,2013,FY,10-K,,,5026000000.0,4260000000.0,2995000000.0,1132000000.0,,,,5462000000.0,,,,,4900000000.0,-4489000000.0,1518000000.0,,1346000000.0,QCOM,Qualcomm Incorporated,Technology,USA,Semiconductors,NASDAQ,,
22,2011-09-26,2012-09-30,2014,FY,10-K,,,5682000000.0,6109000000.0,3915000000.0,1279000000.0,,,,3807000000.0,,,,,5998000000.0,-6877000000.0,-757000000.0,,,QCOM,Qualcomm Incorporated,Technology,USA,Semiconductors,NASDAQ,,
22,2012-10-01,2013-09-29,2015,FY,10-K,,,7230000000.0,6853000000.0,4967000000.0,1349000000.0,,,,6142000000.0,,,,,8778000000.0,-1578000000.0,-4845000000.0,,,QCOM,Qualcomm Incorporated,Technology,USA,Semiconductors,NASDAQ,,
22,2013-09-30,2014-09-28,2016,FY,10-K,,,7550000000.0,7967000000.0,5477000000.0,1244000000.0,,,,7907000000.0,,,,,8887000000.0,-1639000000.0,-5480000000.0,,,QCOM,Qualcomm Incorporated,Technology,USA,Semiconductors,NASDAQ,,
22,2014-09-29,2015-09-27,2017,FY,10-K,,,5776000000.0,5271000000.0,5490000000.0,1219000000.0,,,,7560000000.0,,,,,5506000000.0,-3572000000.0,-2261000000.0,,,QCOM,Qualcomm Incorporated,Technology,USA,Semiconductors,NASDAQ,,
22,2015-09-28,2016-09-25,2018,FY,10-K,,,6495000000.0,5705000000.0,5151000000.0,1131000000.0,52359000000.0,,,5946000000.0,,,,,7632000000.0,-3488000000.0,-5754000000.0,,,QCOM,Qualcomm Incorporated,Technology,USA,Semiconductors,NASDAQ,,
22,2016-09-26,2017-09-24,2019,FY,10-K,,,2581000000.0,2445000000.0,5485000000.0,543000000.0,65498000000.0,,30725000000.0,35029000000.0,,,,,5001000000.0,20463000000.0,5571000000.0,,,QCOM,Qualcomm Incorporated,Technology,USA,Semiconductors,NASDAQ,,
22,2017-09-25,2018-09-30,2020,FY,10-K,,,621000000.0,-4964000000.0,5625000000.0,5356000000.0,32718000000.0,,,,,,,,3908000000.0,2381000000.0,-31500000000.0,,,QCOM,Qualcomm Incorporated,Technology,USA,Semiconductors,NASDAQ,,
22,2018-10-01,2019-09-29,2021,FY,10-K,,,7667000000.0,4386000000.0,5398000000.0,3095000000.0,32957000000.0,28048000000.0,,11839000000.0,1400000000.0,16765000000.0,8935000000.0,13437000000.0,7286000000.0,-806000000.0,-6386000000.0,,,QCOM,Qualcomm Incorporated,Technology,USA,Semiconductors,NASDAQ,,
22,2019-09-30,2020-09-27,2022,FY,10-K,,,6255000000.0,5198000000.0,5975000000.0,521000000.0,35594000000.0,29517000000.0,,6707000000.0,2598000000.0,18519000000.0,8672000000.0,15226000000.0,5814000000.0,-5263000000.0,-5707000000.0,,,QCOM,Qualcomm Incorporated,Technology,USA,Semiconductors,NASDAQ,,
22,2020-09-28,2021-09-26,2023,FY,10-K,,,9789000000.0,9043000000.0,7176000000.0,1231000000.0,41240000000.0,31290000000.0,,7116000000.0,3228000000.0,20075000000.0,11951000000.0,13701000000.0,10536000000.0,-3356000000.0,-6798000000.0,,,QCOM,Qualcomm Incorporated,Technology,USA,Semiconductors,NASDAQ,,
22,2021-09-27,2022-09-25,2024,FY,10-K,,,15860000000.0,12936000000.0,8194000000.0,2012000000.0,49014000000.0,31001000000.0,,2773000000.0,6341000000.0,20724000000.0,11866000000.0,13537000000.0,9096000000.0,-5804000000.0,-7196000000.0,,,QCOM,Qualcomm Incorporated,Technology,USA,Semiconductors,NASDAQ,,
22,2022-09-26,2023-09-24,2025,FY,10-K,,,7788000000.0,7232000000.0,8818000000.0,104000000.0,51040000000.0,29459000000.0,,8450000000.0,6422000000.0,22464000000.0,9628000000.0,14484000000.0,11299000000.0,762000000.0,-6663000000.0,,,QCOM,Qualcomm Incorporated,Technology,USA,Semiconductors,NASDAQ,,
22,2023-09-25,2024-09-29,2025,FY,10-K,,,10071000000.0,10142000000.0,8893000000.0,226000000.0,55154000000.0,28880000000.0,,7849000000.0,6423000000.0,25231000000.0,10504000000.0,13270000000.0,12202000000.0,-3623000000.0,-9269000000.0,,,QCOM,Qualcomm Incorporated,Technology,USA,Semiconductors,NASDAQ,,
22,2024-09-30,2025-09-28,2025,FY,10-K,,,12355000000.0,5541000000.0,9042000000.0,7122000000.0,,,,,,,,14811000000.0,14012000000.0,-800000000.0,-13196000000.0,,,QCOM,Qualcomm Incorporated,Technology,USA,Semiconductors,NASDAQ,,
23,2007-01-01,2007-12-31,2009,FY,10-K,,,,15365000000.0,,7440000000.0,,,,,,,,,-110560000000.0,-74188000000.0,184056000000.0,,5051000000.0,JPM,JPMorgan Chase & Co.,Financial Services,USA,Banking,NYSE,,
23,2009-01-01,2009-12-31,2011,FY,10-K,,,,11728000000.0,,4415000000.0,2119673000000.0,1958828000000.0,160845000000.0,,,,,,122797000000.0,29355000000.0,-153079000000.0,,3422000000.0,JPM,JPMorgan Chase & Co.,Financial Services,USA,Banking,NYSE,,
23,2010-01-01,2010-12-31,2012,FY,10-K,,,,17370000000.0,,7489000000.0,2117605000000.0,,,,,,,,-3752000000.0,54002000000.0,-49217000000.0,,1486000000.0,JPM,JPMorgan Chase & Co.,Financial Services,USA,Banking,NYSE,,
23,2011-01-01,2011-12-31,2013,FY,10-K,,,,18976000000.0,,7773000000.0,2265792000000.0,,,,,,,,95932000000.0,-170752000000.0,107706000000.0,,3895000000.0,JPM,JPMorgan Chase & Co.,Financial Services,USA,Banking,NYSE,,
23,2012-01-01,2012-12-31,2014,FY,10-K,,,,21284000000.0,,7633000000.0,2359141000000.0,,,,,,,,25079000000.0,-119825000000.0,87707000000.0,,5194000000.0,JPM,JPMorgan Chase & Co.,Financial Services,USA,Banking,NYSE,,
23,2013-01-01,2013-12-31,2015,FY,10-K,,,,17886000000.0,,8789000000.0,2414879000000.0,,,,,,,,107953000000.0,-150501000000.0,28324000000.0,,6056000000.0,JPM,JPMorgan Chase & Co.,Financial Services,USA,Banking,NYSE,,
23,2014-01-01,2014-12-31,2016,FY,10-K,,,,21745000000.0,,8954000000.0,2572274000000.0,,231727000000.0,,,,,,36593000000.0,-165636000000.0,118228000000.0,,6990000000.0,JPM,JPMorgan Chase & Co.,Financial Services,USA,Banking,NYSE,,
23,2015-01-01,2015-12-31,2017,FY,10-K,,,,24442000000.0,,6260000000.0,,,,361683000000.0,,,,,73466000000.0,106980000000.0,-187511000000.0,,7873000000.0,JPM,JPMorgan Chase & Co.,Financial Services,USA,Banking,NYSE,,
23,2016-01-01,2016-12-31,2018,FY,10-K,,,,24733000000.0,,9803000000.0,2490972000000.0,,254190000000.0,391154000000.0,,,,,21884000000.0,-89202000000.0,98271000000.0,,8476000000.0,JPM,JPMorgan Chase & Co.,Financial Services,USA,Banking,NYSE,,
23,2017-01-01,2017-12-31,2019,FY,10-K,,,,24441000000.0,,11459000000.0,2533600000000.0,,255693000000.0,,,,,,-10827000000.0,28249000000.0,14642000000.0,,8993000000.0,JPM,JPMorgan Chase & Co.,Financial Services,USA,Banking,NYSE,,
23,2018-01-01,2018-12-31,2020,FY,10-K,,,,32474000000.0,,8290000000.0,2622532000000.0,,256515000000.0,,,,,,15614000000.0,-199420000000.0,34158000000.0,,10109000000.0,JPM,JPMorgan Chase & Co.,Financial Services,USA,Banking,NYSE,,
23,2019-01-01,2019-12-31,2021,FY,10-K,,,,36431000000.0,,8435000000.0,2686477000000.0,,261330000000.0,,,,,,4092000000.0,-52059000000.0,32987000000.0,,12343000000.0,JPM,JPMorgan Chase & Co.,Financial Services,USA,Banking,NYSE,,
23,2020-01-01,2020-12-31,2022,FY,10-K,,,,29131000000.0,,6684000000.0,3384757000000.0,,279354000000.0,,,,,,-79910000000.0,-261912000000.0,596645000000.0,,12690000000.0,JPM,JPMorgan Chase & Co.,Financial Services,USA,Banking,NYSE,,
23,2021-01-01,2021-12-31,2023,FY,10-K,,,,,,11228000000.0,3743567000000.0,,294127000000.0,,,,,,78084000000.0,-129344000000.0,275993000000.0,,12858000000.0,JPM,JPMorgan Chase & Co.,Financial Services,USA,Banking,NYSE,,
23,2022-01-01,2022-12-31,2024,FY,10-K,,,,,,8490000000.0,3665743000000.0,,292332000000.0,,,,,,107119000000.0,-137819000000.0,-126257000000.0,,13562000000.0,JPM,JPMorgan Chase & Co.,Financial Services,USA,Banking,NYSE,,
23,2023-01-01,2023-12-31,2025,FY,10-K,,,,,,12060000000.0,3875393000000.0,,327878000000.0,,,,,,12974000000.0,67643000000.0,-25571000000.0,,13463000000.0,JPM,JPMorgan Chase & Co.,Financial Services,USA,Banking,NYSE,,
23,2024-01-01,2024-12-31,2025,FY,10-K,,,,,,16610000000.0,4002814000000.0,3658056000000.0,344758000000.0,,,,,,-42012000000.0,-163403000000.0,63447000000.0,,14783000000.0,JPM,JPMorgan Chase & Co.,Financial Services,USA,Banking,NYSE,,
23,2025-01-01,2025-12-31,2025,FY,10-K,,,,,,15547000000.0,,,,,,,,,-147782000000.0,-265565000000.0,269533000000.0,,16625000000.0,JPM,JPMorgan Chase & Co.,Financial Services,USA,Banking,NYSE,,
24,2007-01-01,2007-12-31,2009,FY,10-K,,,,14982000000.0,,5942000000.0,,,146803000000.0,42531000000.0,,,,,11036000000.0,-108480000000.0,103412000000.0,,10878000000.0,BAC,Bank of America Corporation,Financial Services,USA,Banking,NYSE,,
24,2008-01-01,2008-12-31,2010,FY,10-K,,,,4008000000.0,,420000000.0,0.0,,,,,,,,4034000000.0,-2930000000.0,-10695000000.0,,11528000000.0,BAC,Bank of America Corporation,Financial Services,USA,Banking,NYSE,,
24,2010-01-01,2010-12-31,2012,FY,10-K,,,,-2238000000.0,,915000000.0,,,228248000000.0,108427000000.0,,,,,82541000000.0,-30347000000.0,-65334000000.0,,1762000000.0,BAC,Bank of America Corporation,Financial Services,USA,Banking,NYSE,,
24,2011-01-01,2011-12-31,2013,FY,10-K,,,,1446000000.0,,-1676000000.0,2129046000000.0,1898945000000.0,,,,,,,64448000000.0,52429000000.0,-104654000000.0,,1738000000.0,BAC,Bank of America Corporation,Financial Services,USA,Banking,NYSE,,
24,2014-01-01,2014-12-31,2016,FY,10-K,,,,5520000000.0,,2443000000.0,,,243476000000.0,138589000000.0,,,,,,,,,,BAC,Bank of America Corporation,Financial Services,USA,Banking,NYSE,,
24,2015-01-01,2015-12-31,2017,FY,10-K,,,,15910000000.0,,6277000000.0,,,255615000000.0,159353000000.0,,,,,,,,,,BAC,Bank of America Corporation,Financial Services,USA,Banking,NYSE,,
24,2016-01-01,2016-12-31,2018,FY,10-K,,,,17822000000.0,,7199000000.0,,,266195000000.0,,,,,,17277000000.0,-62285000000.0,33153000000.0,,,BAC,Bank of America Corporation,Financial Services,USA,Banking,NYSE,,
24,2017-01-01,2017-12-31,2019,FY,10-K,,,,18232000000.0,,10981000000.0,,,267146000000.0,,,,,,9864000000.0,-51541000000.0,49268000000.0,,,BAC,Bank of America Corporation,Financial Services,USA,Banking,NYSE,,
24,2018-01-01,2018-12-31,2020,FY,10-K,,,,28147000000.0,,6437000000.0,,,265325000000.0,,,,,,39520000000.0,-71468000000.0,53118000000.0,,,BAC,Bank of America Corporation,Financial Services,USA,Banking,NYSE,,
24,2019-01-01,2019-12-31,2021,FY,10-K,,,,27430000000.0,,5324000000.0,,,264810000000.0,,,,,,61777000000.0,-80630000000.0,3377000000.0,,,BAC,Bank of America Corporation,Financial Services,USA,Banking,NYSE,,
24,2020-01-01,2020-12-31,2022,FY,10-K,,,,17894000000.0,,1101000000.0,,,272924000000.0,,,,,,37993000000.0,-177665000000.0,355819000000.0,,,BAC,Bank of America Corporation,Financial Services,USA,Banking,NYSE,,
24,2021-01-01,2021-12-31,2023,FY,10-K,,,,31978000000.0,,1998000000.0,,,270066000000.0,,,,,,-7193000000.0,-313291000000.0,291650000000.0,,,BAC,Bank of America Corporation,Financial Services,USA,Banking,NYSE,,
24,2022-01-01,2022-12-31,2024,FY,10-K,,,,27528000000.0,,3441000000.0,,,273197000000.0,,,,,,-6327000000.0,-2529000000.0,-106039000000.0,,,BAC,Bank of America Corporation,Financial Services,USA,Banking,NYSE,,
24,2023-01-01,2023-12-31,2025,FY,10-K,,,,26305000000.0,,6225000000.0,,,290209000000.0,,,,,,44982000000.0,-35387000000.0,93345000000.0,,,BAC,Bank of America Corporation,Financial Services,USA,Banking,NYSE,,
24,2024-01-01,2024-12-31,2025,FY,10-K,,,,26973000000.0,,6250000000.0,3261299000000.0,2967336000000.0,,,,,,,-8805000000.0,-90693000000.0,60369000000.0,,,BAC,Bank of America Corporation,Financial Services,USA,Banking,NYSE,,
24,2025-01-01,2025-12-31,2025,FY,10-K,,,,30509000000.0,,7186000000.0,,,,,,,,,12613000000.0,-145157000000.0,69948000000.0,,,BAC,Bank of America Corporation,Financial Services,USA,Banking,NYSE,,
25,2006-11-25,2007-11-30,2009,FY,10-K,,,,11599000000.0,,6005000000.0,,,42800000000.0,,,,,,,,,,831000000.0,GS,Goldman Sachs Group Inc.,Financial Services,USA,Investment Banking,NYSE,,
25,2007-12-01,2008-11-28,2009,FY,10-K,,,,2322000000.0,,14000000.0,884547000000.0,820178000000.0,64369000000.0,,,,,,,,,,850000000.0,GS,Goldman Sachs Group Inc.,Financial Services,USA,Investment Banking,NYSE,,
25,2007-12-01,2008-11-30,2010,FY,10-K,,,,2322000000.0,,14000000.0,884547000000.0,,64369000000.0,,,,,,,,,,850000000.0,GS,Goldman Sachs Group Inc.,Financial Services,USA,Investment Banking,NYSE,,
25,1900-01-01,2008-12-31,2010,FY,10-K,,,,-780000000.0,,-478000000.0,1112225000000.0,,,,,,,,,,,,,GS,Goldman Sachs Group Inc.,Financial Services,USA,Investment Banking,NYSE,,
25,2008-12-27,2009-12-31,2009,FY,10-K,,,,13385000000.0,,6444000000.0,848942000000.0,,70714000000.0,,,,,,,,,,2205000000.0,GS,Goldman Sachs Group Inc.,Financial Services,USA,Investment Banking,NYSE,,
25,2009-12-31,2010-12-31,2012,FY,10-K,,,,8354000000.0,,4538000000.0,,,,39788000000.0,,,,,,,,,1443000000.0,GS,Goldman Sachs Group Inc.,Financial Services,USA,Investment Banking,NYSE,,
25,2011-01-01,2011-12-31,2013,FY,10-K,,,,4442000000.0,,1727000000.0,,,,56008000000.0,,,,,,,,1184000000.0,2771000000.0,GS,Goldman Sachs Group Inc.,Financial Services,USA,Investment Banking,NYSE,,
25,2012-01-01,2012-12-31,2014,FY,10-K,,,,7475000000.0,,3732000000.0,938555000000.0,,75716000000.0,,,,,,,,,961000000.0,1086000000.0,GS,Goldman Sachs Group Inc.,Financial Services,USA,Investment Banking,NYSE,,
25,2014-01-01,2014-12-31,2016,FY,10-K,,,,8477000000.0,,3880000000.0,,,,75025000000.0,,,,,,,,678000000.0,1454000000.0,GS,Goldman Sachs Group Inc.,Financial Services,USA,Investment Banking,NYSE,,
25,2015-01-01,2015-12-31,2017,FY,10-K,,,,6083000000.0,,2695000000.0,,,,93439000000.0,,,,,,,,1833000000.0,1681000000.0,GS,Goldman Sachs Group Inc.,Financial Services,USA,Investment Banking,NYSE,,
25,2016-01-01,2016-12-31,2018,FY,10-K,,,,7398000000.0,,2906000000.0,,,,121711000000.0,,,,,6494000000.0,9675000000.0,12103000000.0,2865000000.0,1706000000.0,GS,Goldman Sachs Group Inc.,Financial Services,USA,Investment Banking,NYSE,,
25,2017-01-01,2017-12-31,2019,FY,10-K,,,,4286000000.0,,6846000000.0,,,,110051000000.0,,,,,-20489000000.0,-26377000000.0,35206000000.0,3184000000.0,1769000000.0,GS,Goldman Sachs Group Inc.,Financial Services,USA,Investment Banking,NYSE,,
25,2018-01-01,2018-12-31,2020,FY,10-K,,,,10459000000.0,,2022000000.0,,,,130547000000.0,,,,,16564000000.0,-18820000000.0,22752000000.0,7982000000.0,1810000000.0,GS,Goldman Sachs Group Inc.,Financial Services,USA,Investment Banking,NYSE,,
25,2019-01-01,2019-12-31,2021,FY,10-K,,,,8466000000.0,,2117000000.0,,,90265000000.0,133546000000.0,,,,,23868000000.0,-24236000000.0,3367000000.0,8443000000.0,2104000000.0,GS,Goldman Sachs Group Inc.,Financial Services,USA,Investment Banking,NYSE,,
25,2020-01-01,2020-12-31,2022,FY,10-K,,,,9459000000.0,,3020000000.0,,,95932000000.0,,,,,,-18535000000.0,-34356000000.0,70380000000.0,6309000000.0,2336000000.0,GS,Goldman Sachs Group Inc.,Financial Services,USA,Investment Banking,NYSE,,
25,2021-01-01,2021-12-31,2023,FY,10-K,,,,21635000000.0,,5409000000.0,,,109926000000.0,,,,,,6298000000.0,-30465000000.0,134738000000.0,4667000000.0,2725000000.0,GS,Goldman Sachs Group Inc.,Financial Services,USA,Investment Banking,NYSE,,
25,2022-01-01,2022-12-31,2024,FY,10-K,,,,11261000000.0,,2225000000.0,,,117189000000.0,,,,,,8708000000.0,-75960000000.0,59602000000.0,3748000000.0,3682000000.0,GS,Goldman Sachs Group Inc.,Financial Services,USA,Investment Banking,NYSE,,
25,2023-01-01,2023-12-31,2025,FY,10-K,,,,8516000000.0,,2223000000.0,,,116905000000.0,,,,,,-12587000000.0,-17312000000.0,27800000000.0,2316000000.0,4189000000.0,GS,Goldman Sachs Group Inc.,Financial Services,USA,Investment Banking,NYSE,,
25,2024-01-01,2024-12-31,2025,FY,10-K,,,,14276000000.0,,4121000000.0,1675972000000.0,1553976000000.0,121996000000.0,182092000000.0,,,,,-13212000000.0,-49624000000.0,7323000000.0,2091000000.0,4497000000.0,GS,Goldman Sachs Group Inc.,Financial Services,USA,Investment Banking,NYSE,,
25,2025-01-01,2025-12-31,2025,FY,10-K,,,,17176000000.0,,4676000000.0,,,,,,,,,-45154000000.0,-44227000000.0,66100000000.0,2064000000.0,5277000000.0,GS,Goldman Sachs Group Inc.,Financial Services,USA,Investment Banking,NYSE,,
26,2006-12-01,2007-11-30,2009,FY,10-K,,,,3209000000.0,,576000000.0,,,,25598000000.0,,,,,-22249000000.0,-11438000000.0,38085000000.0,,1219000000.0,MS,Morgan Stanley,Financial Services,USA,Investment Banking,NYSE,,
26,2007-12-01,2008-11-30,2010,FY,10-K,,,,1707000000.0,,16000000.0,,,,78654000000.0,,,,,73417000000.0,-831000000.0,-16984000000.0,,1227000000.0,MS,Morgan Stanley,Financial Services,USA,Investment Banking,NYSE,,
26,2009-01-01,2009-12-31,2011,FY,10-K,,,,1346000000.0,,-297000000.0,,,,31991000000.0,,,,,-45951000000.0,-4472000000.0,3024000000.0,,1732000000.0,MS,Morgan Stanley,Financial Services,USA,Investment Banking,NYSE,,
26,2010-01-01,2010-12-31,2012,FY,10-K,,,,4703000000.0,,743000000.0,,,,47615000000.0,,,,,40614000000.0,-29464000000.0,4163000000.0,,1156000000.0,MS,Morgan Stanley,Financial Services,USA,Investment Banking,NYSE,,
26,2011-01-01,2011-12-31,2013,FY,10-K,,,,4110000000.0,,1414000000.0,,,,47312000000.0,,,,,,,,,834000000.0,MS,Morgan Stanley,Financial Services,USA,Investment Banking,NYSE,,
26,2012-01-01,2012-12-31,2014,FY,10-K,,,,68000000.0,,-161000000.0,,,,46904000000.0,,,,,,,,,469000000.0,MS,Morgan Stanley,Financial Services,USA,Investment Banking,NYSE,,
26,2013-01-01,2013-12-31,2015,FY,10-K,,,,2932000000.0,,902000000.0,,,,59883000000.0,,,,,,,,,475000000.0,MS,Morgan Stanley,Financial Services,USA,Investment Banking,NYSE,,
26,2014-01-01,2014-12-31,2016,FY,10-K,,,,3467000000.0,,-90000000.0,,,,87591000000.0,,,,,,,,,904000000.0,MS,Morgan Stanley,Financial Services,USA,Investment Banking,NYSE,,
26,2015-01-01,2015-12-31,2017,FY,10-K,,,,6127000000.0,,2200000000.0,,,,85552000000.0,,,,,-4463000000.0,-19995000000.0,24154000000.0,,1455000000.0,MS,Morgan Stanley,Financial Services,USA,Investment Banking,NYSE,,
26,2016-01-01,2016-12-31,2018,FY,10-K,,,,5979000000.0,,2726000000.0,,,,77360000000.0,,,,,5383000000.0,-19508000000.0,7363000000.0,,1746000000.0,MS,Morgan Stanley,Financial Services,USA,Investment Banking,NYSE,,
26,2017-01-01,2017-12-31,2019,FY,10-K,,,,6111000000.0,,4168000000.0,851733000000.0,773267000000.0,77391000000.0,,,,,,-4505000000.0,-12391000000.0,16261000000.0,,2085000000.0,MS,Morgan Stanley,Financial Services,USA,Investment Banking,NYSE,,
26,2018-01-01,2018-12-31,2020,FY,10-K,,,,8748000000.0,,2350000000.0,853531000000.0,772125000000.0,80246000000.0,,,,,,7305000000.0,-22881000000.0,24205000000.0,,2375000000.0,MS,Morgan Stanley,Financial Services,USA,Investment Banking,NYSE,,
26,2019-01-01,2019-12-31,2021,FY,10-K,,,,9042000000.0,,2064000000.0,895429000000.0,812732000000.0,81549000000.0,82171000000.0,,,,,40773000000.0,-33561000000.0,-11966000000.0,,2627000000.0,MS,Morgan Stanley,Financial Services,USA,Investment Banking,NYSE,,
26,2020-01-01,2020-12-31,2022,FY,10-K,,,,10996000000.0,,3239000000.0,1115862000000.0,1012713000000.0,101781000000.0,105654000000.0,,,,,-25231000000.0,-37898000000.0,83784000000.0,,2739000000.0,MS,Morgan Stanley,Financial Services,USA,Investment Banking,NYSE,,
26,2021-01-01,2021-12-31,2023,FY,10-K,,,,15034000000.0,,4548000000.0,1188140000000.0,1081542000000.0,105441000000.0,127725000000.0,,,,,33971000000.0,-49897000000.0,41547000000.0,,4171000000.0,MS,Morgan Stanley,Financial Services,USA,Investment Banking,NYSE,,
26,2022-01-01,2022-12-31,2024,FY,10-K,,,,11029000000.0,,2910000000.0,1180231000000.0,1079000000000.0,100141000000.0,128127000000.0,,,,,-6397000000.0,-11632000000.0,22714000000.0,,5401000000.0,MS,Morgan Stanley,Financial Services,USA,Investment Banking,NYSE,,
26,2023-01-01,2023-12-31,2025,FY,10-K,,,,9087000000.0,,2583000000.0,1193693000000.0,1093711000000.0,99038000000.0,89232000000.0,,,,,-33536000000.0,-3084000000.0,-2726000000.0,,5763000000.0,MS,Morgan Stanley,Financial Services,USA,Investment Banking,NYSE,,
26,2024-01-01,2024-12-31,2025,FY,10-K,,,,13390000000.0,,4067000000.0,1215071000000.0,1109643000000.0,104511000000.0,105386000000.0,,,,,1362000000.0,-29460000000.0,46756000000.0,,6138000000.0,MS,Morgan Stanley,Financial Services,USA,Investment Banking,NYSE,,
26,2025-01-01,2025-12-31,2025,FY,10-K,,,,16861000000.0,,4929000000.0,,,,,,,,,-17889000000.0,-46779000000.0,67758000000.0,,6593000000.0,MS,Morgan Stanley,Financial Services,USA,Investment Banking,NYSE,,
27,2006-10-01,2007-09-30,2009,FY,10-K,,,-1449000000.0,-1076000000.0,,-316000000.0,,,,275000000.0,,,,,505000000.0,-463000000.0,-37000000.0,,0.0,V,Visa Inc.,Financial Services,USA,Payments,NYSE,,
27,2007-10-01,2008-09-30,2010,FY,10-K,,,1232000000.0,804000000.0,,532000000.0,,,,4979000000.0,,,,,531000000.0,554000000.0,3624000000.0,,93000000.0,V,Visa Inc.,Financial Services,USA,Payments,NYSE,,
27,2008-10-01,2009-09-30,2011,FY,10-K,,,3538000000.0,2353000000.0,,1648000000.0,,,,4617000000.0,,,,,558000000.0,1830000000.0,-2751000000.0,,318000000.0,V,Visa Inc.,Financial Services,USA,Payments,NYSE,,
27,2009-10-01,2010-09-30,2012,FY,10-K,,,4589000000.0,2966000000.0,,1674000000.0,,,,3867000000.0,,,,,2691000000.0,-1904000000.0,-1542000000.0,,368000000.0,V,Visa Inc.,Financial Services,USA,Payments,NYSE,,
27,2010-10-01,2011-09-30,2013,FY,10-K,,,5456000000.0,3650000000.0,,2010000000.0,,,,2127000000.0,,,,,3872000000.0,-2299000000.0,-3304000000.0,,423000000.0,V,Visa Inc.,Financial Services,USA,Payments,NYSE,,
27,2011-10-01,2012-09-30,2014,FY,10-K,,,2139000000.0,2144000000.0,,65000000.0,,,,2074000000.0,,,,,5009000000.0,-2414000000.0,-2655000000.0,,595000000.0,V,Visa Inc.,Financial Services,USA,Payments,NYSE,,
27,2012-10-01,2013-09-30,2015,FY,10-K,,,7239000000.0,4980000000.0,,2277000000.0,,,,2186000000.0,,,,,3022000000.0,-1164000000.0,-1746000000.0,,864000000.0,V,Visa Inc.,Financial Services,USA,Payments,NYSE,,
27,2013-10-01,2014-09-30,2016,FY,10-K,,,7697000000.0,5438000000.0,,2286000000.0,,,,1971000000.0,,,,,7205000000.0,-941000000.0,-6478000000.0,,1006000000.0,V,Visa Inc.,Financial Services,USA,Payments,NYSE,,
27,2014-10-01,2015-09-30,2017,FY,10-K,,,9064000000.0,6328000000.0,,2667000000.0,,,,3518000000.0,,,,,6584000000.0,-1435000000.0,-3603000000.0,,1177000000.0,V,Visa Inc.,Financial Services,USA,Payments,NYSE,,
27,2015-10-01,2016-09-30,2018,FY,10-K,,,7883000000.0,5991000000.0,,2021000000.0,,,,5619000000.0,,,,,5574000000.0,-10916000000.0,7477000000.0,,1350000000.0,V,Visa Inc.,Financial Services,USA,Payments,NYSE,,
27,2016-10-01,2017-09-30,2019,FY,10-K,,,12144000000.0,6699000000.0,,4995000000.0,,,,9874000000.0,,,,,9317000000.0,735000000.0,-5924000000.0,,1579000000.0,V,Visa Inc.,Financial Services,USA,Payments,NYSE,,
27,2017-10-01,2018-09-30,2020,FY,10-K,,,12954000000.0,10301000000.0,,2505000000.0,,,,8162000000.0,,,,,12941000000.0,-3084000000.0,-10790000000.0,,1918000000.0,V,Visa Inc.,Financial Services,USA,Payments,NYSE,,
27,2018-10-01,2019-09-30,2021,FY,10-K,,22977000000.0,15001000000.0,12080000000.0,,2804000000.0,72574000000.0,37890000000.0,,7838000000.0,,20970000000.0,13415000000.0,16729000000.0,12784000000.0,-591000000.0,-12061000000.0,,2269000000.0,V,Visa Inc.,Financial Services,USA,Payments,NYSE,0.6528702615659138,0.5257431344387866
27,2019-10-01,2020-09-30,2022,FY,10-K,,21846000000.0,14081000000.0,10866000000.0,,2924000000.0,80919000000.0,44709000000.0,,16289000000.0,,27645000000.0,14510000000.0,21071000000.0,10440000000.0,1427000000.0,-3968000000.0,,2664000000.0,V,Visa Inc.,Financial Services,USA,Payments,NYSE,0.6445573560377186,0.49739082669596263
27,2020-10-01,2021-09-30,2023,FY,10-K,,24105000000.0,15804000000.0,12311000000.0,,3752000000.0,82896000000.0,45307000000.0,,16487000000.0,,27607000000.0,15739000000.0,19978000000.0,15227000000.0,-152000000.0,-14410000000.0,,2798000000.0,V,Visa Inc.,Financial Services,USA,Payments,NYSE,0.6556316116988177,0.5107239161999585
27,2021-10-01,2022-09-30,2024,FY,10-K,,29310000000.0,18813000000.0,14957000000.0,,3179000000.0,85501000000.0,49920000000.0,,15689000000.0,,30205000000.0,20853000000.0,20200000000.0,18849000000.0,-4288000000.0,-12696000000.0,,3203000000.0,V,Visa Inc.,Financial Services,USA,Payments,NYSE,0.6418628454452405,0.5103036506311839
27,2022-10-01,2023-09-30,2025,FY,10-K,,32653000000.0,21000000000.0,17273000000.0,,3764000000.0,90499000000.0,51766000000.0,,16286000000.0,,33532000000.0,23098000000.0,20463000000.0,20755000000.0,-2006000000.0,-17772000000.0,,3751000000.0,V,Visa Inc.,Financial Services,USA,Payments,NYSE,0.6431262058616359,0.5289866168499066
27,2023-10-01,2024-09-30,2025,FY,10-K,,35926000000.0,23595000000.0,19743000000.0,,4173000000.0,94511000000.0,55374000000.0,,11975000000.0,,34033000000.0,26517000000.0,20836000000.0,19950000000.0,-1926000000.0,-20633000000.0,,4217000000.0,V,Visa Inc.,Financial Services,USA,Payments,NYSE,0.6567666870789957,0.5495462895952792
27,2024-10-01,2025-09-30,2025,FY,10-K,,40000000000.0,23994000000.0,20058000000.0,,4136000000.0,,,,,,,,,23059000000.0,708000000.0,-18963000000.0,,4634000000.0,V,Visa Inc.,Financial Services,USA,Payments,NYSE,0.59985,0.50145
28,2007-01-01,2007-12-31,2009,FY,10-K,,,1108112000.0,1085886000.0,,585546000.0,,,,1659000000.0,,,,,769861000.0,315141000.0,-657507000.0,81587000.0,74002000.0,MA,Mastercard Incorporated,Financial Services,USA,Payments,NYSE,,
28,2008-01-01,2008-12-31,2010,FY,10-K,,,-534000000.0,-254000000.0,,-129000000.0,,,,1505000000.0,,,,,413000000.0,202000000.0,-751000000.0,76000000.0,79000000.0,MA,Mastercard Incorporated,Financial Services,USA,Payments,NYSE,,
28,2009-01-01,2009-12-31,2011,FY,10-K,,,2260000000.0,1463000000.0,,755000000.0,,,,2055000000.0,,,,,1378000000.0,-664000000.0,-185000000.0,57000000.0,79000000.0,MA,Mastercard Incorporated,Financial Services,USA,Payments,NYSE,,
28,2010-01-01,2010-12-31,2012,FY,10-K,,,2752000000.0,1846000000.0,,910000000.0,,,,3067000000.0,,,,,1697000000.0,-641000000.0,19000000.0,61000000.0,79000000.0,MA,Mastercard Incorporated,Financial Services,USA,Payments,NYSE,,
28,2011-01-01,2011-12-31,2013,FY,10-K,,,2713000000.0,1906000000.0,,842000000.0,,,,3734000000.0,,,,,2684000000.0,-748000000.0,-1215000000.0,77000000.0,77000000.0,MA,Mastercard Incorporated,Financial Services,USA,Payments,NYSE,,
28,2012-01-01,2012-12-31,2014,FY,10-K,,,3937000000.0,,,1174000000.0,,,,2052000000.0,,,,,2948000000.0,-2839000000.0,-1798000000.0,96000000.0,132000000.0,MA,Mastercard Incorporated,Financial Services,USA,Payments,NYSE,,
28,2013-01-01,2013-12-31,2013,FY,10-K,,,,3116000000.0,,,,,,3599000000.0,,,,,,,,,,MA,Mastercard Incorporated,Financial Services,USA,Payments,NYSE,,
28,2014-01-01,2014-12-31,2016,FY,10-K,,,5106000000.0,,,1462000000.0,,,,5137000000.0,,,,,3407000000.0,690000000.0,-2339000000.0,175000000.0,515000000.0,MA,Mastercard Incorporated,Financial Services,USA,Payments,NYSE,,
28,2015-01-01,2015-12-31,2017,Q4,10-K,,,5078000000.0,,,1150000000.0,,,,5747000000.0,,,,,,,,,,MA,Mastercard Incorporated,Financial Services,USA,Payments,NYSE,,
28,2016-01-01,2016-12-31,2018,Q4,10-K,,,5761000000.0,,,1587000000.0,,,,6721000000.0,,,,,,,,,,MA,Mastercard Incorporated,Financial Services,USA,Payments,NYSE,,
28,2017-01-01,2017-12-31,2019,FY,10-K,,,6622000000.0,,,2607000000.0,,,,5933000000.0,,,,,5664000000.0,-1781000000.0,-4764000000.0,300000000.0,942000000.0,MA,Mastercard Incorporated,Financial Services,USA,Payments,NYSE,,
28,2018-01-01,2018-12-31,2020,FY,10-K,,21831000000.0,7282000000.0,,,1345000000.0,24860000000.0,19371000000.0,5395000000.0,,,16171000000.0,11593000000.0,5834000000.0,6223000000.0,-506000000.0,-4966000000.0,330000000.0,1044000000.0,MA,Mastercard Incorporated,Financial Services,USA,Payments,NYSE,0.3335623654436352,
28,2019-01-01,2019-12-31,2021,FY,10-K,,24980000000.0,9664000000.0,,,1613000000.0,29236000000.0,23245000000.0,5893000000.0,6988000000.0,,16902000000.0,11904000000.0,8527000000.0,8183000000.0,-1640000000.0,-5867000000.0,422000000.0,1345000000.0,MA,Mastercard Incorporated,Financial Services,USA,Payments,NYSE,0.3868694955964772,
28,2020-01-01,2020-12-31,2022,FY,10-K,,,8081000000.0,,,1349000000.0,33584000000.0,27067000000.0,6391000000.0,10113000000.0,,19113000000.0,11847000000.0,12023000000.0,7224000000.0,-1879000000.0,-2152000000.0,339000000.0,1605000000.0,MA,Mastercard Incorporated,Financial Services,USA,Payments,NYSE,,
28,2021-01-01,2021-12-31,2023,FY,10-K,,,10082000000.0,,,1620000000.0,37669000000.0,30257000000.0,7312000000.0,7421000000.0,,16949000000.0,13162000000.0,13109000000.0,9463000000.0,-5272000000.0,-6555000000.0,407000000.0,1741000000.0,MA,Mastercard Incorporated,Financial Services,USA,Payments,NYSE,,
28,2022-01-01,2022-12-31,2024,FY,10-K,,,12264000000.0,,,1802000000.0,38724000000.0,32347000000.0,6298000000.0,7008000000.0,,16606000000.0,14171000000.0,13749000000.0,11195000000.0,-1470000000.0,-10328000000.0,442000000.0,1903000000.0,MA,Mastercard Incorporated,Financial Services,USA,Payments,NYSE,,
28,2023-01-01,2023-12-31,2025,FY,10-K,,,14008000000.0,,,2444000000.0,42448000000.0,35451000000.0,6929000000.0,8588000000.0,,18961000000.0,16264000000.0,14344000000.0,11980000000.0,-1351000000.0,-9488000000.0,371000000.0,2158000000.0,MA,Mastercard Incorporated,Financial Services,USA,Payments,NYSE,,
28,2024-01-01,2024-12-31,2025,FY,10-K,,,15582000000.0,,,2380000000.0,48081000000.0,41566000000.0,6485000000.0,8442000000.0,,19724000000.0,19220000000.0,17476000000.0,14780000000.0,-3402000000.0,-10836000000.0,474000000.0,2448000000.0,MA,Mastercard Incorporated,Financial Services,USA,Payments,NYSE,,
28,2025-01-01,2025-12-31,2025,FY,10-K,,,18897000000.0,,,3610000000.0,,,,,,,,,17648000000.0,-1362000000.0,-14179000000.0,489000000.0,2756000000.0,MA,Mastercard Incorporated,Financial Services,USA,Payments,NYSE,,
29,2007-01-01,2007-12-31,2009,FY,10-K,,,,3617000000.0,,-2546000000.0,,,,,,,,,,,,4003000000.0,10778000000.0,C,Citigroup Inc.,Financial Services,USA,Banking,NYSE,,
29,2008-01-01,2008-12-31,2010,FY,10-K,,,,-27684000000.0,,-20326000000.0,1938470000000.0,1794448000000.0,141630000000.0,,,,,,,,,3780000000.0,7526000000.0,C,Citigroup Inc.,Financial Services,USA,Banking,NYSE,,
29,2009-01-01,2009-12-31,2011,FY,10-K,,,,-1606000000.0,,-6733000000.0,,,152700000000.0,,,,,,,,,2264000000.0,3237000000.0,C,Citigroup Inc.,Financial Services,USA,Banking,NYSE,,
29,2011-01-01,2011-12-31,2013,FY,10-K,,,,11067000000.0,,3575000000.0,,,,,,,,,,,,3448000000.0,107000000.0,C,Citigroup Inc.,Financial Services,USA,Banking,NYSE,,
29,2015-01-01,2015-12-31,2017,FY,10-K,,,,17242000000.0,,7440000000.0,,,,133097000000.0,,,,,,,,3198000000.0,1253000000.0,C,Citigroup Inc.,Financial Services,USA,Banking,NYSE,,
29,2016-01-01,2016-12-31,2018,FY,10-K,,,,14912000000.0,,6444000000.0,,,,160494000000.0,,,,,,,,2756000000.0,2287000000.0,C,Citigroup Inc.,Financial Services,USA,Banking,NYSE,,
29,2017-01-01,2017-12-31,2019,FY,10-K,,,,-6798000000.0,,29388000000.0,1842465000000.0,1640793000000.0,200740000000.0,180516000000.0,,,,,,,,3361000000.0,3797000000.0,C,Citigroup Inc.,Financial Services,USA,Banking,NYSE,,
29,2018-01-01,2018-12-31,2020,FY,10-K,,,,18045000000.0,,5357000000.0,1917383000000.0,1720309000000.0,196220000000.0,,,,,,36952000000.0,-73118000000.0,44528000000.0,3774000000.0,5020000000.0,C,Citigroup Inc.,Financial Services,USA,Banking,NYSE,,
29,2020-01-01,2020-12-31,2022,FY,10-K,,,,11047000000.0,,2525000000.0,2260000000000.0,,,,,,,,-23488000000.0,-92445000000.0,233595000000.0,3446000000.0,5352000000.0,C,Citigroup Inc.,Financial Services,USA,Banking,NYSE,,
29,2021-01-01,2021-12-31,2023,FY,10-K,,,,21952000000.0,,5451000000.0,2291000000000.0,,,,,,,,47090000000.0,-110746000000.0,17272000000.0,4119000000.0,5198000000.0,C,Citigroup Inc.,Financial Services,USA,Banking,NYSE,,
29,2022-01-01,2022-12-31,2024,FY,10-K,,,,14845000000.0,,3642000000.0,2417000000000.0,,,,,,,,25069000000.0,-79455000000.0,137763000000.0,5632000000.0,5003000000.0,C,Citigroup Inc.,Financial Services,USA,Banking,NYSE,,
29,2023-01-01,2023-12-31,2025,FY,10-K,,,,9228000000.0,,3528000000.0,2412000000000.0,,,,,,,,-73416000000.0,-8459000000.0,687000000.0,6583000000.0,5212000000.0,C,Citigroup Inc.,Financial Services,USA,Banking,NYSE,,
29,2024-01-01,2024-12-31,2025,FY,10-K,,,,12682000000.0,,4211000000.0,2352945000000.0,2143579000000.0,208598000000.0,,,,,,-19669000000.0,86250000000.0,-38304000000.0,6500000000.0,5199000000.0,C,Citigroup Inc.,Financial Services,USA,Banking,NYSE,,
29,2025-01-01,2025-12-31,2025,FY,10-K,,,,14306000000.0,,5373000000.0,2657202000000.0,2443380000000.0,212291000000.0,,,,,,-67632000000.0,-108282000000.0,238031000000.0,6520000000.0,5372000000.0,C,Citigroup Inc.,Financial Services,USA,Banking,NYSE,,
30,2007-01-01,2007-12-31,2009,FY,10-K,,,,8057000000.0,,3570000000.0,,,,,,,,,9286000000.0,-77347000000.0,67790000000.0,,,WFC,Wells Fargo & Company,Financial Services,USA,Banking,NYSE,,
30,2008-01-01,2008-12-31,2010,FY,10-K,,,,2655000000.0,,602000000.0,1309639000000.0,1207323000000.0,99084000000.0,,,,,,-4788000000.0,-18161000000.0,31955000000.0,,,WFC,Wells Fargo & Company,Financial Services,USA,Banking,NYSE,,
30,2009-01-01,2009-12-31,2011,FY,10-K,,,,12275000000.0,,5331000000.0,1243646000000.0,1129287000000.0,111786000000.0,,,,,,28613000000.0,71785000000.0,-97081000000.0,,,WFC,Wells Fargo & Company,Financial Services,USA,Banking,NYSE,,
30,2010-01-01,2010-12-31,2012,FY,10-K,,,,12362000000.0,,6338000000.0,1258128000000.0,1130239000000.0,126408000000.0,,,,,,18772000000.0,-3675000000.0,-26133000000.0,,,WFC,Wells Fargo & Company,Financial Services,USA,Banking,NYSE,,
30,2011-01-01,2011-12-31,2013,FY,10-K,,,,15869000000.0,,7445000000.0,1313867000000.0,1172180000000.0,140241000000.0,,,,,,13665000000.0,-35044000000.0,24775000000.0,,,WFC,Wells Fargo & Company,Financial Services,USA,Banking,NYSE,,
30,2012-01-01,2012-12-31,2014,FY,10-K,,,,18897000000.0,,9103000000.0,1422968000000.0,1264057000000.0,157554000000.0,,,,,,58540000000.0,-139890000000.0,83770000000.0,,,WFC,Wells Fargo & Company,Financial Services,USA,Banking,NYSE,,
30,2013-01-01,2013-12-31,2015,FY,10-K,,,,21878000000.0,,10405000000.0,1523502000000.0,1352494000000.0,170142000000.0,,,,,,57641000000.0,-153492000000.0,93910000000.0,,,WFC,Wells Fargo & Company,Financial Services,USA,Banking,NYSE,,
30,2014-01-01,2014-12-31,2016,FY,10-K,,,,23057000000.0,,10307000000.0,1687155000000.0,1501893000000.0,184394000000.0,,,,,,,,,,,WFC,Wells Fargo & Company,Financial Services,USA,Banking,NYSE,,
30,2016-01-01,2016-12-31,2018,FY,10-K,,,,21938000000.0,,10075000000.0,,,,,,,,,,,,,,WFC,Wells Fargo & Company,Financial Services,USA,Banking,NYSE,,
30,2017-01-01,2017-12-31,2019,FY,10-K,,,,22183000000.0,,4917000000.0,1951757000000.0,1743678000000.0,206936000000.0,,,,,,18619000000.0,-13152000000.0,-10920000000.0,,,WFC,Wells Fargo & Company,Financial Services,USA,Banking,NYSE,,
30,2018-01-01,2018-12-31,2020,FY,10-K,,,,22393000000.0,,5662000000.0,1895883000000.0,1698817000000.0,196166000000.0,,,,,,36073000000.0,-7754000000.0,-70979000000.0,,,WFC,Wells Fargo & Company,Financial Services,USA,Banking,NYSE,,
30,2019-01-01,2019-12-31,2021,FY,10-K,,,,19715000000.0,,5761000000.0,1927555000000.0,1739571000000.0,187146000000.0,,,,,,6730000000.0,-29631000000.0,-9136000000.0,,,WFC,Wells Fargo & Company,Financial Services,USA,Banking,NYSE,,
30,2020-01-01,2020-12-31,2022,FY,10-K,,,,3377000000.0,,-1157000000.0,1952911000000.0,1767199000000.0,184680000000.0,,,,,,2051000000.0,122554000000.0,-1243000000.0,,,WFC,Wells Fargo & Company,Financial Services,USA,Banking,NYSE,,
30,2021-01-01,2021-12-31,2023,FY,10-K,,,,22109000000.0,,5764000000.0,1948068000000.0,1757958000000.0,187606000000.0,,,,,,-11525000000.0,-7619000000.0,-11238000000.0,,,WFC,Wells Fargo & Company,Financial Services,USA,Banking,NYSE,,
30,2022-01-01,2022-12-31,2024,FY,10-K,,,,13677000000.0,,2251000000.0,1881020000000.0,1698807000000.0,180227000000.0,,,,,,27048000000.0,-42476000000.0,-59645000000.0,,,WFC,Wells Fargo & Company,Financial Services,USA,Banking,NYSE,,
30,2023-01-01,2023-12-31,2025,FY,10-K,,,,19142000000.0,,2607000000.0,1932468000000.0,1745025000000.0,185735000000.0,,,,,,40358000000.0,16043000000.0,20494000000.0,,,WFC,Wells Fargo & Company,Financial Services,USA,Banking,NYSE,,
30,2024-01-01,2024-12-31,2025,FY,10-K,,,,19722000000.0,,3399000000.0,1929845000000.0,1748779000000.0,179120000000.0,,,,,,3035000000.0,-15651000000.0,-21534000000.0,,,WFC,Wells Fargo & Company,Financial Services,USA,Banking,NYSE,,
30,2025-01-01,2025-12-31,2025,FY,10-K,,,,21338000000.0,,3841000000.0,,,,,,,,,-19001000000.0,-187895000000.0,177587000000.0,,,WFC,Wells Fargo & Company,Financial Services,USA,Banking,NYSE,,
31,2007-01-01,2007-12-31,2009,FY,10-K,,,1294000000.0,993000000.0,,463000000.0,,,,1656000000.0,,,,,587000000.0,-1068000000.0,959000000.0,111000000.0,353000000.0,BLK,BlackRock Inc.,Financial Services,USA,Asset Management,NYSE,,
31,2008-01-01,2008-12-31,2010,FY,10-K,,,1593000000.0,784000000.0,,387000000.0,,,,2032000000.0,,,,,1916000000.0,-394000000.0,-887000000.0,77000000.0,419000000.0,BLK,BlackRock Inc.,Financial Services,USA,Asset Management,NYSE,,
31,2009-01-01,2009-12-31,2011,FY,10-K,,,1278000000.0,875000000.0,,375000000.0,,,,4708000000.0,,,,,1399000000.0,-5519000000.0,6749000000.0,65000000.0,422000000.0,BLK,BlackRock Inc.,Financial Services,USA,Asset Management,NYSE,,
31,2010-01-01,2010-12-31,2012,FY,10-K,,,2998000000.0,2063000000.0,,971000000.0,,,,3367000000.0,,,,,2488000000.0,-627000000.0,-3170000000.0,131000000.0,776000000.0,BLK,BlackRock Inc.,Financial Services,USA,Asset Management,NYSE,,
31,2011-01-01,2011-12-31,2013,FY,10-K,,,3249000000.0,2337000000.0,,796000000.0,,,,3506000000.0,,,,,,,,247000000.0,1014000000.0,BLK,BlackRock Inc.,Financial Services,USA,Asset Management,NYSE,,
31,2012-01-01,2012-12-31,2014,FY,10-K,,,3524000000.0,2458000000.0,,1030000000.0,,,,4606000000.0,,,,,,,,150000000.0,1060000000.0,BLK,BlackRock Inc.,Financial Services,USA,Asset Management,NYSE,,
31,2013-01-01,2013-12-31,2015,FY,10-K,,,3857000000.0,2932000000.0,,1022000000.0,,,,4390000000.0,,,,,,,,94000000.0,1168000000.0,BLK,BlackRock Inc.,Financial Services,USA,Asset Management,NYSE,,
31,2014-01-01,2014-12-31,2016,FY,10-K,,,4474000000.0,3294000000.0,,1131000000.0,,,,5723000000.0,,,,,,,,66000000.0,1338000000.0,BLK,BlackRock Inc.,Financial Services,USA,Asset Management,NYSE,,
31,2015-01-01,2015-12-31,2017,FY,10-K,,,4664000000.0,3345000000.0,,1250000000.0,,,,6083000000.0,,,,,,,,221000000.0,1476000000.0,BLK,BlackRock Inc.,Financial Services,USA,Asset Management,NYSE,,
31,2016-01-01,2016-12-31,2018,FY,10-K,,12261000000.0,4565000000.0,3168000000.0,,1289000000.0,220177000000.0,190833000000.0,29098000000.0,6091000000.0,,,,,2273000000.0,-371000000.0,-1685000000.0,119000000.0,1545000000.0,BLK,BlackRock Inc.,Financial Services,USA,Asset Management,NYSE,0.37231873419786315,0.2583802299975532
31,2017-01-01,2017-12-31,2019,FY,10-K,,13600000000.0,5254000000.0,4952000000.0,,270000000.0,220241000000.0,187977000000.0,31798000000.0,6894000000.0,,,,,3950000000.0,-608000000.0,-2630000000.0,155000000.0,1662000000.0,BLK,BlackRock Inc.,Financial Services,USA,Asset Management,NYSE,0.38632352941176473,0.36411764705882355
31,2018-01-01,2018-12-31,2020,FY,10-K,,14198000000.0,5457000000.0,4305000000.0,,1076000000.0,159573000000.0,126033000000.0,32374000000.0,6488000000.0,,,,,3075000000.0,-808000000.0,-2765000000.0,204000000.0,1968000000.0,BLK,BlackRock Inc.,Financial Services,USA,Asset Management,NYSE,0.38434990843780814,0.30321171996055785
31,2019-01-01,2019-12-31,2021,FY,10-K,,14539000000.0,5551000000.0,4476000000.0,,1261000000.0,168622000000.0,133693000000.0,33547000000.0,4829000000.0,,,,,2884000000.0,-2014000000.0,-2583000000.0,254000000.0,2096000000.0,BLK,BlackRock Inc.,Financial Services,USA,Asset Management,NYSE,0.3818006740491093,0.30786161359103104
31,2020-01-01,2020-12-31,2022,FY,10-K,,16205000000.0,5695000000.0,4932000000.0,,1238000000.0,176982000000.0,139326000000.0,35283000000.0,8664000000.0,,,,,3743000000.0,-254000000.0,244000000.0,194000000.0,2260000000.0,BLK,BlackRock Inc.,Financial Services,USA,Asset Management,NYSE,0.35143474236346806,0.30435050910212896
31,2021-01-01,2021-12-31,2023,FY,10-K,,19374000000.0,7450000000.0,5901000000.0,,1968000000.0,152648000000.0,113755000000.0,37693000000.0,9323000000.0,,,,,4944000000.0,-1937000000.0,-2287000000.0,341000000.0,2547000000.0,BLK,BlackRock Inc.,Financial Services,USA,Asset Management,NYSE,0.3845359760503768,0.3045834623722515
31,2022-01-01,2022-12-31,2023,FY,10-K,,17873000000.0,6385000000.0,5178000000.0,,1296000000.0,117628000000.0,78843000000.0,37744000000.0,7416000000.0,,,,,4956000000.0,-1130000000.0,-5442000000.0,533000000.0,2990000000.0,BLK,BlackRock Inc.,Financial Services,USA,Asset Management,NYSE,0.3572427684216416,0.2897107368656633
31,2023-01-01,2023-12-31,2023,FY,10-K,,17859000000.0,6275000000.0,5502000000.0,,1479000000.0,,,,,,,,,4165000000.0,-959000000.0,-1992000000.0,344000000.0,3035000000.0,BLK,BlackRock Inc.,Financial Services,USA,Asset Management,NYSE,0.35136345820034715,0.30807995968419283
32,2007-01-01,2007-12-31,2009,FY,10-K,,,5694000000.0,4012000000.0,,1568000000.0,,,11029000000.0,,,,,,,-16621000000.0,15466000000.0,938000000.0,712000000.0,AXP,American Express Company,Financial Services,USA,Consumer Finance,NYSE,,
32,2008-01-01,2008-12-31,2009,FY,10-K,,,3581000000.0,,,,,,11841000000.0,,,,,,7773000000.0,7561000000.0,-10440000000.0,977000000.0,836000000.0,AXP,American Express Company,Financial Services,USA,Consumer Finance,NYSE,,
32,2009-01-01,2009-12-31,2011,FY,10-K,,,,2130000000.0,,704000000.0,,,12637000000.0,,,,,,6337000000.0,-6752000000.0,-4647000000.0,722000000.0,924000000.0,AXP,American Express Company,Financial Services,USA,Consumer Finance,NYSE,,
32,2010-01-01,2010-12-31,2012,FY,10-K,,,,4057000000.0,,1907000000.0,,,18794000000.0,,,,,,,,,878000000.0,867000000.0,AXP,American Express Company,Financial Services,USA,Consumer Finance,NYSE,,
32,2011-01-01,2011-12-31,2013,FY,10-K,,,,4935000000.0,,2057000000.0,,,18794000000.0,,,,,,,,,1189000000.0,861000000.0,AXP,American Express Company,Financial Services,USA,Consumer Finance,NYSE,,
32,2012-01-01,2012-12-31,2014,FY,10-K,,,,4482000000.0,,1969000000.0,,,18886000000.0,,,,,,,,,1053000000.0,902000000.0,AXP,American Express Company,Financial Services,USA,Consumer Finance,NYSE,,
32,2013-01-01,2013-12-31,2015,FY,10-K,,,,5359000000.0,,2529000000.0,,,19496000000.0,,,,,,,,,1006000000.0,939000000.0,AXP,American Express Company,Financial Services,USA,Consumer Finance,NYSE,,
32,2014-01-01,2014-12-31,2016,FY,10-K,,,,5885000000.0,,3106000000.0,,,20673000000.0,,,,,,,,,1195000000.0,1041000000.0,AXP,American Express Company,Financial Services,USA,Consumer Finance,NYSE,,
32,2015-01-01,2015-12-31,2017,FY,10-K,,,,5163000000.0,,2775000000.0,,,20673000000.0,,,,,,,,,1341000000.0,1172000000.0,AXP,American Express Company,Financial Services,USA,Consumer Finance,NYSE,,
32,2016-01-01,2016-12-31,2018,FY,10-K,,,,5375000000.0,,2667000000.0,,,20523000000.0,,,,,,,,,1375000000.0,1207000000.0,AXP,American Express Company,Financial Services,USA,Consumer Finance,NYSE,,
32,2017-01-01,2017-12-31,2019,FY,10-K,,24780000000.0,,2748000000.0,,4677000000.0,,,18261000000.0,,,,,,13540000000.0,-18242000000.0,12245000000.0,1062000000.0,1251000000.0,AXP,American Express Company,Financial Services,USA,Consumer Finance,NYSE,,0.1108958837772397
32,2018-01-01,2018-12-31,2020,FY,10-K,,26607000000.0,,6921000000.0,,1201000000.0,,,22290000000.0,,,,,,8930000000.0,-19615000000.0,5101000000.0,1310000000.0,1324000000.0,AXP,American Express Company,Financial Services,USA,Consumer Finance,NYSE,,0.26011951742022776
32,2019-01-01,2019-12-31,2021,FY,10-K,,28159000000.0,,6759000000.0,,1670000000.0,,,23071000000.0,,,,,,13632000000.0,-16707000000.0,-519000000.0,1645000000.0,1422000000.0,AXP,American Express Company,Financial Services,USA,Consumer Finance,NYSE,,0.24002983060478
32,2020-01-01,2020-12-31,2022,FY,10-K,,21974000000.0,,3135000000.0,,1161000000.0,,,22984000000.0,,,,,,5591000000.0,11632000000.0,-9068000000.0,1478000000.0,1474000000.0,AXP,American Express Company,Financial Services,USA,Consumer Finance,NYSE,,0.14266860835532902
32,2021-01-01,2021-12-31,2023,FY,10-K,,27716000000.0,,8060000000.0,,2629000000.0,,,22177000000.0,,,,,,14645000000.0,-10529000000.0,-14933000000.0,1550000000.0,1448000000.0,AXP,American Express Company,Financial Services,USA,Consumer Finance,NYSE,,0.29080675422138835
32,2022-01-01,2022-12-31,2024,FY,10-K,,34219000000.0,,7514000000.0,,2071000000.0,,,24711000000.0,,,,,,21079000000.0,-33689000000.0,24509000000.0,1855000000.0,1565000000.0,AXP,American Express Company,Financial Services,USA,Consumer Finance,NYSE,,0.21958561033344048
32,2023-01-01,2023-12-31,2025,FY,10-K,,37218000000.0,,8374000000.0,,2139000000.0,261108000000.0,,28057000000.0,,,,,,18559000000.0,-24433000000.0,18379000000.0,1563000000.0,1780000000.0,AXP,American Express Company,Financial Services,USA,Consumer Finance,NYSE,,0.22499865656402815
32,2024-01-01,2024-12-31,2025,FY,10-K,,38825000000.0,,10129000000.0,,2766000000.0,271461000000.0,241197000000.0,,,,,,,14050000000.0,-24402000000.0,4436000000.0,1911000000.0,1999000000.0,AXP,American Express Company,Financial Services,USA,Consumer Finance,NYSE,,0.26088860270444303
32,2025-01-01,2025-12-31,2025,FY,10-K,,41304000000.0,,10833000000.0,,2962000000.0,,,,,,,,,18428000000.0,-22891000000.0,11210000000.0,2425000000.0,2271000000.0,AXP,American Express Company,Financial Services,USA,Consumer Finance,NYSE,,0.2622748402091807
33,2007-01-01,2007-12-30,2009,FY,10-K,,,,,,2707000000.0,,,,7770000000.0,,,,,15022000000.0,-5912000000.0,-5698000000.0,2942000000.0,,JNJ,Johnson & Johnson,Healthcare,USA,Pharmaceuticals,NYSE,,
33,2007-12-31,2008-12-28,2010,FY,10-K,,,,,,3980000000.0,,,,10768000000.0,,,,,14972000000.0,-4187000000.0,-7464000000.0,3066000000.0,,JNJ,Johnson & Johnson,Healthcare,USA,Pharmaceuticals,NYSE,,
33,2008-12-29,2010-01-03,2011,FY,10-K,,,16582000000.0,,,3489000000.0,,,,15810000000.0,,,,,16571000000.0,-7598000000.0,-4092000000.0,2365000000.0,,JNJ,Johnson & Johnson,Healthcare,USA,Pharmaceuticals,NYSE,,
33,2010-01-04,2011-01-02,2012,FY,10-K,,,17700000000.0,13334000000.0,,3613000000.0,,,,19355000000.0,,,,,16385000000.0,-7854000000.0,-4980000000.0,2384000000.0,,JNJ,Johnson & Johnson,Healthcare,USA,Pharmaceuticals,NYSE,,
33,2011-01-03,2012-01-01,2013,FY,10-K,,,13765000000.0,9672000000.0,,2689000000.0,,,,24542000000.0,,,,,14298000000.0,-4612000000.0,-4452000000.0,2893000000.0,,JNJ,Johnson & Johnson,Healthcare,USA,Pharmaceuticals,NYSE,,
33,2012-01-02,2012-12-30,2014,FY,10-K,,,14955000000.0,10853000000.0,,3261000000.0,,,,14911000000.0,,,,,15396000000.0,-4510000000.0,-20562000000.0,2934000000.0,,JNJ,Johnson & Johnson,Healthcare,USA,Pharmaceuticals,NYSE,,
33,2012-12-31,2013-12-29,2014,FY,10-K,,,16412000000.0,,,,,,,20927000000.0,,,,,17414000000.0,-5103000000.0,-6091000000.0,3595000000.0,,JNJ,Johnson & Johnson,Healthcare,USA,Pharmaceuticals,NYSE,,
33,2013-12-30,2014-12-28,2016,FY,10-K,,,,16323000000.0,,4240000000.0,,,,14523000000.0,,,,,18710000000.0,-12305000000.0,-12499000000.0,3714000000.0,,JNJ,Johnson & Johnson,Healthcare,USA,Pharmaceuticals,NYSE,,
33,2014-12-29,2016-01-03,2017,FY,10-K,,,,15409000000.0,,3787000000.0,,,,13732000000.0,,,,,19569000000.0,-7735000000.0,-11136000000.0,3463000000.0,,JNJ,Johnson & Johnson,Healthcare,USA,Pharmaceuticals,NYSE,,
33,2016-01-04,2017-01-01,2018,FY,10-K,,71890000000.0,,16540000000.0,,3263000000.0,,,,18972000000.0,,,,,18767000000.0,-4761000000.0,-8551000000.0,3226000000.0,,JNJ,Johnson & Johnson,Healthcare,USA,Pharmaceuticals,NYSE,,0.23007372374460983
33,2017-01-02,2017-12-31,2019,FY,10-K,,76450000000.0,,1300000000.0,,16373000000.0,157303000000.0,97143000000.0,,,8765000000.0,43088000000.0,30537000000.0,30675000000.0,21056000000.0,-14868000000.0,-7673000000.0,3279000000.0,,JNJ,Johnson & Johnson,Healthcare,USA,Pharmaceuticals,NYSE,,0.017004578155657292
33,2018-01-01,2018-12-30,2020,FY,10-K,,81581000000.0,,15297000000.0,,2702000000.0,152954000000.0,93202000000.0,,18107000000.0,8599000000.0,46033000000.0,31230000000.0,27684000000.0,22201000000.0,-3167000000.0,-18510000000.0,3670000000.0,,JNJ,Johnson & Johnson,Healthcare,USA,Pharmaceuticals,NYSE,,0.18750689498780354
33,2018-12-31,2019-12-29,2021,FY,10-K,,82059000000.0,,15119000000.0,,2209000000.0,157728000000.0,98257000000.0,,17305000000.0,9020000000.0,45274000000.0,35964000000.0,26494000000.0,23416000000.0,-6194000000.0,-18015000000.0,3498000000.0,,JNJ,Johnson & Johnson,Healthcare,USA,Pharmaceuticals,NYSE,,0.1842454819093579
33,2019-12-30,2021-01-03,2022,FY,10-K,,82584000000.0,,14714000000.0,,1783000000.0,174894000000.0,111616000000.0,,13985000000.0,9344000000.0,51237000000.0,42493000000.0,32635000000.0,23536000000.0,-20825000000.0,-6120000000.0,3347000000.0,,JNJ,Johnson & Johnson,Healthcare,USA,Pharmaceuticals,NYSE,,0.17817010558946042
33,2021-01-04,2022-01-02,2023,FY,10-K,,78740000000.0,,20878000000.0,0.0,1377000000.0,182018000000.0,107995000000.0,,14487000000.0,10387000000.0,60979000000.0,45226000000.0,29985000000.0,23410000000.0,-8683000000.0,-14047000000.0,3652000000.0,,JNJ,Johnson & Johnson,Healthcare,USA,Pharmaceuticals,NYSE,,0.2651511303022606
33,2022-01-03,2023-01-01,2024,FY,10-K,,79990000000.0,,17941000000.0,0.0,2989000000.0,187378000000.0,110574000000.0,,12889000000.0,10268000000.0,55294000000.0,55802000000.0,26886000000.0,21194000000.0,-12371000000.0,-8871000000.0,4009000000.0,,JNJ,Johnson & Johnson,Healthcare,USA,Pharmaceuticals,NYSE,,0.22429053631703963
33,2023-01-02,2023-12-31,2025,FY,10-K,,85159000000.0,,35153000000.0,483000000.0,1736000000.0,167558000000.0,98784000000.0,,21859000000.0,11181000000.0,53495000000.0,46282000000.0,25881000000.0,22791000000.0,878000000.0,-15825000000.0,4543000000.0,,JNJ,Johnson & Johnson,Healthcare,USA,Pharmaceuticals,NYSE,,0.41279254101151963
33,2024-01-01,2024-12-29,2025,FY,10-K,,88821000000.0,,14066000000.0,1841000000.0,2621000000.0,180104000000.0,108614000000.0,,24105000000.0,12444000000.0,55893000000.0,50321000000.0,30651000000.0,24266000000.0,-18599000000.0,-3132000000.0,4424000000.0,,JNJ,Johnson & Johnson,Healthcare,USA,Pharmaceuticals,NYSE,,0.1583634500850024
33,2024-12-30,2025-12-28,2025,FY,10-K,,94193000000.0,,26804000000.0,109000000.0,5777000000.0,,,,,,,,,24530000000.0,-23588000000.0,-5539000000.0,4832000000.0,,JNJ,Johnson & Johnson,Healthcare,USA,Pharmaceuticals,NYSE,,0.2845646704107524
34,2007-01-01,2007-12-31,2009,FY,10-K,,,,8144000000.0,,1023000000.0,,,,3406000000.0,,,,,13353000000.0,795000000.0,-12610000000.0,1880000000.0,,PFE,Pfizer Inc.,Healthcare,USA,Pharmaceuticals,NYSE,,
34,2008-01-01,2008-12-31,2010,FY,10-K,,,,8104000000.0,,1645000000.0,,,,2122000000.0,,,,,18238000000.0,-12835000000.0,-6560000000.0,1701000000.0,,PFE,Pfizer Inc.,Healthcare,USA,Pharmaceuticals,NYSE,,
34,2009-01-01,2009-12-31,2011,FY,10-K,,,,8635000000.0,,2145000000.0,,,,1978000000.0,,,,,16587000000.0,-31272000000.0,14481000000.0,1205000000.0,,PFE,Pfizer Inc.,Healthcare,USA,Pharmaceuticals,NYSE,,
34,2010-01-01,2010-12-31,2012,FY,10-K,,,,8257000000.0,,1153000000.0,,,,1735000000.0,,,,,11454000000.0,-492000000.0,-11174000000.0,1513000000.0,,PFE,Pfizer Inc.,Healthcare,USA,Pharmaceuticals,NYSE,,
34,2011-01-01,2011-12-31,2013,FY,10-K,,,,10009000000.0,,3621000000.0,,,,3182000000.0,,,,,20240000000.0,1843000000.0,-20607000000.0,1660000000.0,,PFE,Pfizer Inc.,Healthcare,USA,Pharmaceuticals,NYSE,,
34,2012-01-01,2012-12-31,2014,FY,10-K,,,,14570000000.0,,2221000000.0,,,,10081000000.0,,,,,16746000000.0,6154000000.0,-15999000000.0,1327000000.0,,PFE,Pfizer Inc.,Healthcare,USA,Pharmaceuticals,NYSE,,
34,2013-01-01,2013-12-31,2015,FY,10-K,,,,22003000000.0,,4306000000.0,,,,2183000000.0,,,,,17684000000.0,-10544000000.0,-14975000000.0,1206000000.0,,PFE,Pfizer Inc.,Healthcare,USA,Pharmaceuticals,NYSE,,
34,2014-01-01,2014-12-31,2016,FY,10-K,,,,9135000000.0,,3120000000.0,,,,3343000000.0,,,,,17084000000.0,-5654000000.0,-10187000000.0,1199000000.0,,PFE,Pfizer Inc.,Healthcare,USA,Pharmaceuticals,NYSE,,
34,2015-01-01,2015-12-31,2017,FY,10-K,,,,6960000000.0,,1990000000.0,,,,3641000000.0,,,,,14688000000.0,-2980000000.0,-10409000000.0,1397000000.0,,PFE,Pfizer Inc.,Healthcare,USA,Pharmaceuticals,NYSE,,
34,2016-01-01,2016-12-31,2018,FY,10-K,,52824000000.0,,7215000000.0,,1123000000.0,171615000000.0,111776000000.0,59544000000.0,2595000000.0,6783000000.0,38949000000.0,31115000000.0,31398000000.0,16192000000.0,-7791000000.0,-9228000000.0,1823000000.0,,PFE,Pfizer Inc.,Healthcare,USA,Pharmaceuticals,NYSE,,0.13658564288959563
34,2017-01-01,2017-12-31,2019,FY,10-K,,52546000000.0,,21308000000.0,,-9049000000.0,171797000000.0,100141000000.0,71308000000.0,1342000000.0,7578000000.0,41141000000.0,30427000000.0,33538000000.0,16802000000.0,-4740000000.0,-13350000000.0,1956000000.0,,PFE,Pfizer Inc.,Healthcare,USA,Pharmaceuticals,NYSE,,0.4055113614737563
34,2018-01-01,2018-12-31,2020,FY,10-K,,40825000000.0,,11153000000.0,,-266000000.0,159422000000.0,95664000000.0,63407000000.0,1139000000.0,7508000000.0,49926000000.0,31858000000.0,32909000000.0,15827000000.0,4525000000.0,-20441000000.0,1984000000.0,,PFE,Pfizer Inc.,Healthcare,USA,Pharmaceuticals,NYSE,,0.2731904470300061
34,2019-01-01,2019-12-31,2021,FY,10-K,,40905000000.0,,16026000000.0,,583000000.0,167594000000.0,104148000000.0,63143000000.0,1121000000.0,7068000000.0,32803000000.0,37304000000.0,35955000000.0,12588000000.0,-3945000000.0,-8485000000.0,2046000000.0,,PFE,Pfizer Inc.,Healthcare,USA,Pharmaceuticals,NYSE,,0.3917858452511918
34,2020-01-01,2020-12-31,2022,FY,10-K,,,,9159000000.0,,370000000.0,154229000000.0,90756000000.0,63238000000.0,1786000000.0,8020000000.0,35067000000.0,25920000000.0,37133000000.0,14403000000.0,-4271000000.0,-9649000000.0,2226000000.0,,PFE,Pfizer Inc.,Healthcare,USA,Pharmaceuticals,NYSE,,
34,2021-01-01,2021-12-31,2023,FY,10-K,,73636000000.0,,21979000000.0,,1852000000.0,181476000000.0,104013000000.0,77201000000.0,1944000000.0,9059000000.0,59693000000.0,42671000000.0,36195000000.0,32580000000.0,-22546000000.0,-9816000000.0,2711000000.0,,PFE,Pfizer Inc.,Healthcare,USA,Pharmaceuticals,NYSE,,0.29848172089738717
34,2022-01-01,2022-12-31,2024,FY,10-K,,,,31372000000.0,,3328000000.0,197205000000.0,101288000000.0,95661000000.0,416000000.0,8981000000.0,51259000000.0,42138000000.0,32884000000.0,29267000000.0,-15783000000.0,-14834000000.0,3236000000.0,,PFE,Pfizer Inc.,Healthcare,USA,Pharmaceuticals,NYSE,,
34,2023-01-01,2023-12-31,2023,FY,10-K,,50914000000.0,,,,,226501000000.0,137213000000.0,89014000000.0,2853000000.0,10189000000.0,43333000000.0,47794000000.0,61538000000.0,8700000000.0,-32278000000.0,26066000000.0,3907000000.0,,PFE,Pfizer Inc.,Healthcare,USA,Pharmaceuticals,NYSE,,
34,2024-01-01,2024-12-31,2025,FY,10-K,,,,8031000000.0,,-28000000.0,213396000000.0,124899000000.0,88203000000.0,1043000000.0,10851000000.0,50358000000.0,42995000000.0,57405000000.0,12744000000.0,2652000000.0,-17140000000.0,2909000000.0,,PFE,Pfizer Inc.,Healthcare,USA,Pharmaceuticals,NYSE,,
34,2025-01-01,2025-12-31,2025,FY,10-K,,,,7771000000.0,,-266000000.0,,,,,,,,,11704000000.0,-1351000000.0,-10304000000.0,2629000000.0,,PFE,Pfizer Inc.,Healthcare,USA,Pharmaceuticals,NYSE,,
35,2007-01-01,2007-12-31,2009,FY,10-K,,,,3275400000.0,4882800000.0,95300000.0,,,,5336000000.0,,,,,6999200000.0,-2810000000.0,-4866100000.0,,,MRK,Merck & Co. Inc.,Healthcare,USA,Pharmaceuticals,NYSE,,
35,2008-01-01,2008-12-31,2010,FY,10-K,,,,7808000000.0,4805000000.0,1999000000.0,,,,4368000000.0,,,,,6572000000.0,-1834000000.0,-5523000000.0,,,MRK,Merck & Co. Inc.,Healthcare,USA,Pharmaceuticals,NYSE,,
35,2009-01-01,2009-12-31,2011,FY,10-K,,,,12899000000.0,5845000000.0,2268000000.0,,,,9311000000.0,,,,,3392000000.0,3156000000.0,-1638000000.0,,,MRK,Merck & Co. Inc.,Healthcare,USA,Pharmaceuticals,NYSE,,
35,2010-01-01,2010-12-31,2012,FY,10-K,,,,861000000.0,11111000000.0,671000000.0,,,,10900000000.0,,,,,10822000000.0,-3497000000.0,-5441000000.0,,,MRK,Merck & Co. Inc.,Healthcare,USA,Pharmaceuticals,NYSE,,
35,2011-01-01,2011-12-31,2013,FY,10-K,,,,6272000000.0,8467000000.0,942000000.0,,,,13531000000.0,,,,,12383000000.0,-2890000000.0,-6904000000.0,,,MRK,Merck & Co. Inc.,Healthcare,USA,Pharmaceuticals,NYSE,,
35,2012-01-01,2012-12-31,2014,FY,10-K,,,,6168000000.0,8168000000.0,2440000000.0,,,,13451000000.0,,,,,10022000000.0,-6805000000.0,-3267000000.0,,,MRK,Merck & Co. Inc.,Healthcare,USA,Pharmaceuticals,NYSE,,
35,2013-01-01,2013-12-31,2015,FY,10-K,,,,4404000000.0,7503000000.0,1028000000.0,,,,15621000000.0,,,,,11654000000.0,-3148000000.0,-5990000000.0,,,MRK,Merck & Co. Inc.,Healthcare,USA,Pharmaceuticals,NYSE,,
35,2014-01-01,2014-12-31,2016,FY,10-K,,,,11920000000.0,7180000000.0,5349000000.0,,,,7441000000.0,,,,,7989000000.0,-374000000.0,-15242000000.0,,,MRK,Merck & Co. Inc.,Healthcare,USA,Pharmaceuticals,NYSE,,
35,2015-01-01,2015-12-31,2017,FY,10-K,,,,4442000000.0,6704000000.0,942000000.0,,,,8524000000.0,,,,,12538000000.0,-4758000000.0,-5387000000.0,,,MRK,Merck & Co. Inc.,Healthcare,USA,Pharmaceuticals,NYSE,,
35,2016-01-01,2016-12-31,2018,FY,10-K,,,,3920000000.0,10261000000.0,718000000.0,95377000000.0,,40088000000.0,6515000000.0,4866000000.0,30614000000.0,17204000000.0,24274000000.0,10376000000.0,-3210000000.0,-9044000000.0,,,MRK,Merck & Co. Inc.,Healthcare,USA,Pharmaceuticals,NYSE,,
35,2017-01-01,2017-12-31,2019,FY,10-K,,,,2394000000.0,10339000000.0,4103000000.0,87872000000.0,,34336000000.0,6092000000.0,5096000000.0,24766000000.0,18614000000.0,21353000000.0,6451000000.0,2679000000.0,-10006000000.0,,,MRK,Merck & Co. Inc.,Healthcare,USA,Pharmaceuticals,NYSE,,
35,2018-01-01,2018-12-31,2020,FY,10-K,,,,6220000000.0,9752000000.0,2508000000.0,82637000000.0,,26701000000.0,7965000000.0,5440000000.0,25875000000.0,22206000000.0,19806000000.0,10922000000.0,4314000000.0,-13160000000.0,,,MRK,Merck & Co. Inc.,Healthcare,USA,Pharmaceuticals,NYSE,,
35,2019-01-01,2019-12-31,2021,FY,10-K,,,,9843000000.0,9724000000.0,1565000000.0,84397000000.0,,25907000000.0,9676000000.0,5978000000.0,27483000000.0,22220000000.0,22736000000.0,13440000000.0,-2629000000.0,-8861000000.0,,,MRK,Merck & Co. Inc.,Healthcare,USA,Pharmaceuticals,NYSE,,
35,2020-01-01,2020-12-31,2022,FY,10-K,,,,7067000000.0,13397000000.0,1340000000.0,91588000000.0,,25317000000.0,8050000000.0,5554000000.0,27764000000.0,27327000000.0,25360000000.0,10253000000.0,-9443000000.0,-2832000000.0,,,MRK,Merck & Co. Inc.,Healthcare,USA,Pharmaceuticals,NYSE,,
35,2021-01-01,2021-12-31,2023,FY,10-K,,,,,12245000000.0,1521000000.0,105694000000.0,,38184000000.0,8096000000.0,5953000000.0,30266000000.0,23872000000.0,30690000000.0,,,,4448000000.0,,MRK,Merck & Co. Inc.,Healthcare,USA,Pharmaceuticals,NYSE,,
35,2022-01-01,2022-12-31,2024,FY,10-K,,,,,13548000000.0,1918000000.0,109160000000.0,,45991000000.0,12694000000.0,5911000000.0,35722000000.0,24239000000.0,28745000000.0,19095000000.0,-4960000000.0,-9119000000.0,4388000000.0,,MRK,Merck & Co. Inc.,Healthcare,USA,Pharmaceuticals,NYSE,,
35,2023-01-01,2023-12-31,2025,FY,10-K,,,,,30531000000.0,1512000000.0,106675000000.0,,37581000000.0,6841000000.0,6358000000.0,32168000000.0,25694000000.0,33683000000.0,13006000000.0,-14083000000.0,-4810000000.0,3863000000.0,,MRK,Merck & Co. Inc.,Healthcare,USA,Pharmaceuticals,NYSE,,
35,2024-01-01,2024-12-31,2025,FY,10-K,,,,,17938000000.0,2803000000.0,117106000000.0,,46313000000.0,13242000000.0,6109000000.0,38782000000.0,28420000000.0,34462000000.0,21468000000.0,-7734000000.0,-7032000000.0,3372000000.0,,MRK,Merck & Co. Inc.,Healthcare,USA,Pharmaceuticals,NYSE,,
35,2025-01-01,2025-12-31,2025,FY,10-K,,,,,15789000000.0,2804000000.0,,,,,,,,,16472000000.0,-13741000000.0,-1922000000.0,4112000000.0,,MRK,Merck & Co. Inc.,Healthcare,USA,Pharmaceuticals,NYSE,,
36,2007-01-01,2007-12-31,2009,FY,10-K,,,,2953000000.0,3486700000.0,923800000.0,,,,3220500000.0,,,,,5154500000.0,-4328100000.0,-844900000.0,,1853600000.0,LLY,Eli Lilly and Company,Healthcare,USA,Pharmaceuticals,NYSE,,
36,2008-01-01,2008-12-31,2010,FY,10-K,,,,-2071900000.0,3840900000.0,764300000.0,,,,5496700000.0,,,,,7295600000.0,-7268800000.0,2346000000.0,,2056700000.0,LLY,Eli Lilly and Company,Healthcare,USA,Pharmaceuticals,NYSE,,
36,2009-01-01,2009-12-31,2011,FY,10-K,,,,4328800000.0,4326500000.0,1029000000.0,,,,4462900000.0,,,,,4335500000.0,142800000.0,-5533700000.0,,2152100000.0,LLY,Eli Lilly and Company,Healthcare,USA,Pharmaceuticals,NYSE,,
36,2010-01-01,2010-12-31,2012,FY,10-K,,,,5069500000.0,4884200000.0,1455700000.0,,,12420300000.0,5993200000.0,,,,,6856800000.0,-3159800000.0,-2021900000.0,,2165300000.0,LLY,Eli Lilly and Company,Healthcare,USA,Pharmaceuticals,NYSE,,
36,2011-01-01,2011-12-31,2013,FY,10-K,,,,4347700000.0,5020800000.0,1001800000.0,,,13541700000.0,5922500000.0,,,,,7234500000.0,-4824400000.0,-2369900000.0,,2180100000.0,LLY,Eli Lilly and Company,Healthcare,USA,Pharmaceuticals,NYSE,,
36,2012-01-01,2012-12-31,2014,FY,10-K,,,,4088600000.0,5278100000.0,1319600000.0,,,14765200000.0,4018800000.0,,,,,5304800000.0,-2832800000.0,-4419600000.0,,2187400000.0,LLY,Eli Lilly and Company,Healthcare,USA,Pharmaceuticals,NYSE,,
36,2013-01-01,2013-12-31,2015,FY,10-K,,,,4684800000.0,5531300000.0,1204500000.0,,,17631400000.0,3830200000.0,,,,,5735000000.0,-2072800000.0,-3829300000.0,,2120700000.0,LLY,Eli Lilly and Company,Healthcare,USA,Pharmaceuticals,NYSE,,
36,2014-01-01,2014-12-31,2016,FY,10-K,,,,2390500000.0,4733600000.0,609800000.0,,,15373200000.0,3871600000.0,,,,,4458400000.0,-3909100000.0,-166400000.0,,2101200000.0,LLY,Eli Lilly and Company,Healthcare,USA,Pharmaceuticals,NYSE,,
36,2015-01-01,2015-12-31,2017,FY,10-K,,,,2408400000.0,4796400000.0,381600000.0,,,,3666400000.0,,,,,2964600000.0,26800000.0,-3111000000.0,,2127300000.0,LLY,Eli Lilly and Company,Healthcare,USA,Pharmaceuticals,NYSE,,
36,2017-01-01,2017-12-31,2019,FY,10-K,,,,-204100000.0,5096200000.0,2391200000.0,,,,,,,,,5615600000.0,-3783600000.0,142600000.0,,2192100000.0,LLY,Eli Lilly and Company,Healthcare,USA,Pharmaceuticals,NYSE,,
36,2018-01-01,2018-12-31,2020,FY,10-K,,,,3232000000.0,5051200000.0,529500000.0,43908400000.0,,9828700000.0,7320700000.0,3098100000.0,20549600000.0,11888100000.0,9196400000.0,5524500000.0,1906000000.0,-5904900000.0,,2311800000.0,LLY,Eli Lilly and Company,Healthcare,USA,Pharmaceuticals,NYSE,,
36,2019-01-01,2019-12-31,2021,FY,10-K,,,,8318400000.0,5595000000.0,628000000.0,39286100000.0,,2606900000.0,2337500000.0,3190700000.0,13709600000.0,11775200000.0,13817900000.0,4836600000.0,-8082900000.0,-2324500000.0,,2409800000.0,LLY,Eli Lilly and Company,Healthcare,USA,Pharmaceuticals,NYSE,,
36,2020-01-01,2020-12-31,2022,FY,10-K,,,,6193700000.0,5976300000.0,1036200000.0,46633100000.0,,5641600000.0,3657100000.0,3980300000.0,17462100000.0,12481600000.0,16586600000.0,6499600000.0,-2258900000.0,-3137100000.0,,2687100000.0,LLY,Eli Lilly and Company,Healthcare,USA,Pharmaceuticals,NYSE,,
36,2021-01-01,2021-12-31,2022,FY,10-K,,,,,6930700000.0,,48806000000.0,,8979200000.0,3818500000.0,3886000000.0,18452400000.0,15052700000.0,15346400000.0,7365900000.0,-2867500000.0,-4131300000.0,,3086800000.0,LLY,Eli Lilly and Company,Healthcare,USA,Pharmaceuticals,NYSE,,
36,2022-01-01,2022-12-31,2024,FY,10-K,,,,6244800000.0,,561600000.0,49489800000.0,,10649800000.0,2067000000.0,4309700000.0,18034500000.0,17138200000.0,14737500000.0,7585700000.0,-3762900000.0,-5406700000.0,,3535800000.0,LLY,Eli Lilly and Company,Healthcare,USA,Pharmaceuticals,NYSE,,
36,2023-01-01,2023-12-31,2025,FY,10-K,,,,5240000000.0,,1314000000.0,64006300000.0,,10771900000.0,2818600000.0,5772800000.0,25727000000.0,27293200000.0,18320800000.0,4240000000.0,-7153000000.0,3496000000.0,,4069000000.0,LLY,Eli Lilly and Company,Healthcare,USA,Pharmaceuticals,NYSE,,
36,2024-01-01,2024-12-31,2025,FY,10-K,,,,10590000000.0,,2090000000.0,78715000000.0,,14272000000.0,3268000000.0,7589000000.0,32740000000.0,28376000000.0,28527000000.0,8818000000.0,-9302000000.0,1230000000.0,,4680000000.0,LLY,Eli Lilly and Company,Healthcare,USA,Pharmaceuticals,NYSE,,
36,2025-01-01,2025-12-31,2025,FY,10-K,,,,20640000000.0,,5091000000.0,,,,,,,,,16813000000.0,-10972000000.0,-2213000000.0,,5384000000.0,LLY,Eli Lilly and Company,Healthcare,USA,Pharmaceuticals,NYSE,,
37,2011-01-01,2011-12-31,2013,FY,10-K,,,3620000000.0,,,235000000.0,,,,27000000.0,,,,,,,,356000000.0,,ABBV,AbbVie Inc.,Healthcare,USA,Pharmaceuticals,NYSE,,
37,2012-01-01,2012-12-31,2014,FY,10-K,,,5817000000.0,,,450000000.0,,,,5901000000.0,,,,,,,,333000000.0,,ABBV,AbbVie Inc.,Healthcare,USA,Pharmaceuticals,NYSE,,
37,2013-01-01,2013-12-31,2015,FY,10-K,,,5664000000.0,,,1204000000.0,,,4492000000.0,9595000000.0,,,,,,,,491000000.0,2555000000.0,ABBV,AbbVie Inc.,Healthcare,USA,Pharmaceuticals,NYSE,,
37,2014-01-01,2014-12-31,2016,FY,10-K,,,3411000000.0,1774000000.0,,595000000.0,,,1742000000.0,8348000000.0,,,,,,,,612000000.0,2661000000.0,ABBV,AbbVie Inc.,Healthcare,USA,Pharmaceuticals,NYSE,,
37,2015-01-01,2015-12-31,2017,FY,10-K,,,7537000000.0,5144000000.0,,1501000000.0,,,3945000000.0,8399000000.0,,,,,,,,532000000.0,3294000000.0,ABBV,AbbVie Inc.,Healthcare,USA,Pharmaceuticals,NYSE,,
37,2016-01-01,2016-12-31,2018,FY,10-K,,25638000000.0,9340000000.0,5953000000.0,,1931000000.0,,,4636000000.0,5100000000.0,,,,,,,-3928000000.0,479000000.0,3717000000.0,ABBV,AbbVie Inc.,Healthcare,USA,Pharmaceuticals,NYSE,0.3643029877525548,0.23219439893907481
37,2017-01-01,2017-12-31,2019,FY,10-K,,28216000000.0,9545000000.0,5309000000.0,,2418000000.0,,,5097000000.0,9303000000.0,,,,,9960000000.0,-274000000.0,-5512000000.0,529000000.0,4107000000.0,ABBV,AbbVie Inc.,Healthcare,USA,Pharmaceuticals,NYSE,0.338283243549759,0.1881556563651829
37,2018-01-01,2018-12-31,2020,FY,10-K,,32753000000.0,6383000000.0,5687000000.0,,-490000000.0,59352000000.0,,,7289000000.0,1605000000.0,16945000000.0,17239000000.0,,13427000000.0,-1006000000.0,-14396000000.0,638000000.0,5580000000.0,ABBV,AbbVie Inc.,Healthcare,USA,Pharmaceuticals,NYSE,0.1948829114890239,0.17363294965346684
37,2019-01-01,2019-12-31,2021,FY,10-K,,33266000000.0,12983000000.0,7882000000.0,,544000000.0,89115000000.0,,-8172000000.0,39924000000.0,1813000000.0,49519000000.0,15585000000.0,,13324000000.0,596000000.0,18708000000.0,552000000.0,6366000000.0,ABBV,AbbVie Inc.,Healthcare,USA,Pharmaceuticals,NYSE,0.3902783622918295,0.23693861600432875
37,2020-01-01,2020-12-31,2022,FY,10-K,,45804000000.0,11363000000.0,4616000000.0,,-1224000000.0,150565000000.0,,13076000000.0,8449000000.0,3310000000.0,24173000000.0,28661000000.0,,17588000000.0,-37557000000.0,-11501000000.0,798000000.0,7716000000.0,ABBV,AbbVie Inc.,Healthcare,USA,Pharmaceuticals,NYSE,0.24807877041306436,0.10077722469653305
37,2021-01-01,2021-12-31,2023,FY,10-K,,56197000000.0,17924000000.0,11542000000.0,,1440000000.0,146529000000.0,,15408000000.0,9746000000.0,3128000000.0,27928000000.0,35194000000.0,,22777000000.0,-2344000000.0,-19039000000.0,787000000.0,9261000000.0,ABBV,AbbVie Inc.,Healthcare,USA,Pharmaceuticals,NYSE,0.31894941011086003,0.2053846290727263
37,2022-01-01,2022-12-31,2024,FY,10-K,,58054000000.0,18117000000.0,11836000000.0,,1632000000.0,138805000000.0,,17254000000.0,9201000000.0,3579000000.0,28463000000.0,29538000000.0,,24943000000.0,-623000000.0,-24803000000.0,695000000.0,10043000000.0,ABBV,AbbVie Inc.,Healthcare,USA,Pharmaceuticals,NYSE,0.31207151961966445,0.20387914700106796
37,2023-01-01,2023-12-31,2025,FY,10-K,,54318000000.0,12757000000.0,4863000000.0,,1377000000.0,134711000000.0,,10360000000.0,12814000000.0,4099000000.0,33002000000.0,37841000000.0,,22839000000.0,-2009000000.0,-17222000000.0,777000000.0,10539000000.0,ABBV,AbbVie Inc.,Healthcare,USA,Pharmaceuticals,NYSE,0.23485768990021724,0.0895283331492323
37,2024-01-01,2024-12-31,2025,FY,10-K,,56334000000.0,9137000000.0,4278000000.0,,-570000000.0,135161000000.0,,3325000000.0,5524000000.0,4181000000.0,25582000000.0,38749000000.0,,18806000000.0,-20820000000.0,-5211000000.0,974000000.0,11025000000.0,ABBV,AbbVie Inc.,Healthcare,USA,Pharmaceuticals,NYSE,0.16219334682429792,0.0759399297049739
37,2025-01-01,2025-12-31,2025,FY,10-K,,61160000000.0,15075000000.0,4226000000.0,,2364000000.0,,,,,,,,,19030000000.0,-6643000000.0,-12724000000.0,1214000000.0,11657000000.0,ABBV,AbbVie Inc.,Healthcare,USA,Pharmaceuticals,NYSE,0.24648463047743624,0.06909744931327665
38,2007-01-01,2007-12-31,2009,FY,10-K,,,,2165000000.0,3160000000.0,471000000.0,,,,1801000000.0,,,,,3153000000.0,-202000000.0,-3213000000.0,843000000.0,2213000000.0,BMY,Bristol Mayers Squibb Company,Healthcare,USA,Pharmaceuticals,,,
38,2008-01-01,2008-12-31,2010,FY,10-K,,,,5247000000.0,3512000000.0,1090000000.0,,,,7976000000.0,,,,,3707000000.0,5079000000.0,-2582000000.0,941000000.0,2461000000.0,BMY,Bristol Mayers Squibb Company,Healthcare,USA,Pharmaceuticals,,,
38,2009-01-01,2009-12-31,2011,FY,10-K,,,,10612000000.0,3647000000.0,1182000000.0,,,,7683000000.0,,,,,4065000000.0,-4380000000.0,-17000000.0,730000000.0,2483000000.0,BMY,Bristol Mayers Squibb Company,Healthcare,USA,Pharmaceuticals,,,
38,2010-01-01,2010-12-31,2012,FY,10-K,,,,3102000000.0,3566000000.0,1558000000.0,,,,5033000000.0,,,,,4491000000.0,-3812000000.0,-3343000000.0,424000000.0,2202000000.0,BMY,Bristol Mayers Squibb Company,Healthcare,USA,Pharmaceuticals,,,
38,2011-01-01,2011-12-31,2013,FY,10-K,,,,3709000000.0,3839000000.0,1721000000.0,,,,5776000000.0,,,,,4840000000.0,-1437000000.0,-2657000000.0,367000000.0,2254000000.0,BMY,Bristol Mayers Squibb Company,Healthcare,USA,Pharmaceuticals,,,
38,2012-01-01,2012-12-31,2014,FY,10-K,,,,1960000000.0,3904000000.0,-161000000.0,,,,1656000000.0,,,,,6941000000.0,-6727000000.0,-4333000000.0,548000000.0,2286000000.0,BMY,Bristol Mayers Squibb Company,Healthcare,USA,Pharmaceuticals,,,
38,2013-01-01,2013-12-31,2015,FY,10-K,,,,2563000000.0,3731000000.0,311000000.0,,,,3586000000.0,,,,,3545000000.0,-572000000.0,-1068000000.0,537000000.0,2309000000.0,BMY,Bristol Mayers Squibb Company,Healthcare,USA,Pharmaceuticals,,,
38,2014-01-01,2014-12-31,2016,FY,10-K,,,,2004000000.0,4534000000.0,352000000.0,,,,5571000000.0,,,,,3148000000.0,1216000000.0,-2437000000.0,526000000.0,2398000000.0,BMY,Bristol Mayers Squibb Company,Healthcare,USA,Pharmaceuticals,,,
38,2015-01-01,2015-12-31,2017,FY,10-K,,,,1565000000.0,5920000000.0,446000000.0,,,,2385000000.0,,,,,2105000000.0,-1572000000.0,-3624000000.0,820000000.0,2477000000.0,BMY,Bristol Mayers Squibb Company,Healthcare,USA,Pharmaceuticals,,,
38,2016-01-01,2016-12-31,2018,FY,10-K,,,,4457000000.0,5012000000.0,1408000000.0,,,,4237000000.0,,,,,3058000000.0,1480000000.0,-2653000000.0,1215000000.0,2547000000.0,BMY,Bristol Mayers Squibb Company,Healthcare,USA,Pharmaceuticals,,,
38,2017-01-01,2017-12-31,2019,FY,10-K,,,,1007000000.0,6468000000.0,4156000000.0,33551000000.0,21704000000.0,11741000000.0,,1166000000.0,14854000000.0,9563000000.0,6975000000.0,5275000000.0,-66000000.0,-4077000000.0,1055000000.0,2577000000.0,BMY,Bristol Mayers Squibb Company,Healthcare,USA,Pharmaceuticals,,,
38,2018-01-01,2018-12-31,2020,FY,10-K,,,,4920000000.0,6332000000.0,1021000000.0,34986000000.0,20859000000.0,14031000000.0,6911000000.0,1195000000.0,17716000000.0,10654000000.0,5646000000.0,7066000000.0,-2000000000.0,-3535000000.0,951000000.0,2613000000.0,BMY,Bristol Mayers Squibb Company,Healthcare,USA,Pharmaceuticals,,,
38,2019-01-01,2019-12-31,2021,FY,10-K,,,,3439000000.0,6148000000.0,1515000000.0,129944000000.0,78246000000.0,51598000000.0,12346000000.0,4293000000.0,29354000000.0,18304000000.0,43387000000.0,8210000000.0,-9913000000.0,7621000000.0,836000000.0,2679000000.0,BMY,Bristol Mayers Squibb Company,Healthcare,USA,Pharmaceuticals,,,
38,2020-01-01,2020-12-31,2022,FY,10-K,,,,-9015000000.0,10048000000.0,2124000000.0,118481000000.0,80599000000.0,37822000000.0,14546000000.0,2074000000.0,30192000000.0,19080000000.0,48336000000.0,14052000000.0,-10859000000.0,-1151000000.0,753000000.0,4075000000.0,BMY,Bristol Mayers Squibb Company,Healthcare,USA,Pharmaceuticals,,,
38,2021-01-01,2021-12-31,2023,FY,10-K,,,,6994000000.0,10195000000.0,1084000000.0,109314000000.0,73308000000.0,35946000000.0,13979000000.0,2095000000.0,33262000000.0,21868000000.0,39605000000.0,16207000000.0,-538000000.0,-16224000000.0,973000000.0,4396000000.0,BMY,Bristol Mayers Squibb Company,Healthcare,USA,Pharmaceuticals,,,
38,2022-01-01,2022-12-31,2024,FY,10-K,,,,6327000000.0,9509000000.0,1368000000.0,96820000000.0,65702000000.0,31061000000.0,9123000000.0,2339000000.0,27273000000.0,21890000000.0,35056000000.0,13066000000.0,-1062000000.0,-16962000000.0,1118000000.0,4634000000.0,BMY,Bristol Mayers Squibb Company,Healthcare,USA,Pharmaceuticals,,,
38,2023-01-01,2023-12-31,2025,FY,10-K,,,,8025000000.0,9299000000.0,400000000.0,95159000000.0,65674000000.0,29430000000.0,11464000000.0,2662000000.0,31770000000.0,22262000000.0,36653000000.0,13860000000.0,-2295000000.0,-9416000000.0,1209000000.0,4744000000.0,BMY,Bristol Mayers Squibb Company,Healthcare,USA,Pharmaceuticals,,,
38,2024-01-01,2024-12-31,2025,FY,10-K,,,,-8948000000.0,11159000000.0,554000000.0,92603000000.0,76215000000.0,16335000000.0,10346000000.0,2557000000.0,29780000000.0,23774000000.0,47603000000.0,15190000000.0,-21352000000.0,5127000000.0,1248000000.0,4863000000.0,BMY,Bristol Mayers Squibb Company,Healthcare,USA,Pharmaceuticals,,,
38,2025-01-01,2025-12-31,2025,FY,10-K,,,,7054000000.0,9951000000.0,2272000000.0,,,,,,,,,14156000000.0,-4132000000.0,-10348000000.0,1311000000.0,5045000000.0,BMY,Bristol Mayers Squibb Company,Healthcare,USA,Pharmaceuticals,,,
39,2007-01-01,2007-12-31,2009,FY,10-K,,,3980000000.0,3078000000.0,,715000000.0,,,18512000000.0,2024000000.0,,,,,5401000000.0,-1992000000.0,-2668000000.0,1267000000.0,,AMGN,Amgen Inc.,Healthcare,USA,Biotechnology,,,
39,2008-01-01,2008-12-31,2010,FY,10-K,,,5214000000.0,4052000000.0,,963000000.0,,,20885000000.0,1774000000.0,,,,,5988000000.0,-3165000000.0,-3073000000.0,672000000.0,,AMGN,Amgen Inc.,Healthcare,USA,Biotechnology,,,
39,2009-01-01,2009-12-31,2011,FY,10-K,,,5506000000.0,4605000000.0,,599000000.0,,,22667000000.0,2884000000.0,,,,,6336000000.0,-3202000000.0,-2024000000.0,530000000.0,,AMGN,Amgen Inc.,Healthcare,USA,Biotechnology,,,
39,2010-01-01,2010-12-31,2012,FY,10-K,,,5545000000.0,4627000000.0,,690000000.0,,,23944000000.0,3287000000.0,,,,,5787000000.0,-4152000000.0,-1232000000.0,580000000.0,,AMGN,Amgen Inc.,Healthcare,USA,Biotechnology,,,
39,2011-01-01,2011-12-31,2013,FY,10-K,,,4312000000.0,3683000000.0,,467000000.0,,,19029000000.0,6946000000.0,,,,,5119000000.0,-786000000.0,-674000000.0,567000000.0,,AMGN,Amgen Inc.,Healthcare,USA,Biotechnology,,,
39,2012-01-01,2012-12-31,2014,FY,10-K,,,5577000000.0,4345000000.0,,664000000.0,54298000000.0,,,,2744000000.0,31209000000.0,8191000000.0,,5882000000.0,-9990000000.0,419000000.0,689000000.0,,AMGN,Amgen Inc.,Healthcare,USA,Biotechnology,,,
39,2014-01-01,2014-12-31,2016,FY,10-K,,,6191000000.0,5158000000.0,,427000000.0,,,25778000000.0,3731000000.0,,,,,8952000000.0,-5752000000.0,-3274000000.0,718000000.0,,AMGN,Amgen Inc.,Healthcare,USA,Biotechnology,,,
39,2015-01-01,2015-12-31,2017,FY,10-K,,,8470000000.0,6939000000.0,,1039000000.0,,,28083000000.0,4144000000.0,,,,,9731000000.0,-5547000000.0,-3771000000.0,594000000.0,,AMGN,Amgen Inc.,Healthcare,USA,Biotechnology,,,
39,2016-01-01,2016-12-31,2018,FY,10-K,,,9794000000.0,7722000000.0,,1441000000.0,,,29875000000.0,,,,,,10354000000.0,-8658000000.0,-2599000000.0,738000000.0,,AMGN,Amgen Inc.,Healthcare,USA,Biotechnology,,,
39,2017-01-01,2017-12-31,2019,FY,10-K,,,9973000000.0,1979000000.0,,7618000000.0,,,25241000000.0,,,,,,11177000000.0,-4024000000.0,-6594000000.0,664000000.0,,AMGN,Amgen Inc.,Healthcare,USA,Biotechnology,,,
39,2018-01-01,2018-12-31,2020,FY,10-K,,,10263000000.0,8394000000.0,,1151000000.0,,,12500000000.0,,,,,,11296000000.0,14339000000.0,-22490000000.0,738000000.0,,AMGN,Amgen Inc.,Healthcare,USA,Biotechnology,,,
39,2019-01-01,2019-12-31,2021,FY,10-K,,23362000000.0,9674000000.0,7842000000.0,,1296000000.0,,,9673000000.0,,,,,,9150000000.0,5709000000.0,-15767000000.0,618000000.0,,AMGN,Amgen Inc.,Healthcare,USA,Biotechnology,,0.4140912593099906,0.3356733156407842
39,2020-01-01,2020-12-31,2022,FY,10-K,,25424000000.0,9139000000.0,7264000000.0,,869000000.0,,,9409000000.0,,,,,,10497000000.0,-5401000000.0,-4867000000.0,608000000.0,,AMGN,Amgen Inc.,Healthcare,USA,Biotechnology,,0.35946349905601005,0.2857142857142857
39,2021-01-01,2021-12-31,2023,FY,10-K,,25979000000.0,7639000000.0,,,808000000.0,,,6700000000.0,,,,,,9261000000.0,733000000.0,-8271000000.0,880000000.0,,AMGN,Amgen Inc.,Healthcare,USA,Biotechnology,,0.29404519034604876,
39,2022-01-01,2022-12-31,2024,FY,10-K,,26323000000.0,9566000000.0,,,794000000.0,,,3661000000.0,,,,,,9721000000.0,-6044000000.0,-4037000000.0,936000000.0,,AMGN,Amgen Inc.,Healthcare,USA,Biotechnology,,0.363408426091251,
39,2023-01-01,2023-12-31,2025,FY,10-K,,28190000000.0,7897000000.0,,,1138000000.0,,,6232000000.0,,,,,,8471000000.0,-26204000000.0,21048000000.0,1112000000.0,,AMGN,Amgen Inc.,Healthcare,USA,Biotechnology,,0.28013479957431714,
39,2024-01-01,2024-12-31,2025,FY,10-K,,33424000000.0,7258000000.0,,,519000000.0,91839000000.0,,,11973000000.0,6998000000.0,29030000000.0,23099000000.0,56549000000.0,11490000000.0,-1046000000.0,-9415000000.0,1096000000.0,,AMGN,Amgen Inc.,Healthcare,USA,Biotechnology,,0.21714935375777883,
39,2025-01-01,2025-12-31,2025,FY,10-K,,36751000000.0,9080000000.0,,,1265000000.0,,,,,,,,,9958000000.0,-1943000000.0,-10859000000.0,1858000000.0,,AMGN,Amgen Inc.,Healthcare,USA,Biotechnology,,0.24706810699028597,
40,2007-01-01,2007-12-31,2009,FY,10-K,,,2164507000.0,1584902000.0,,635355000.0,,,,968086000.0,,,,,1669082000.0,-1302467000.0,-170983000.0,,,GILD,Gilead Sciences Inc.,Healthcare,USA,Biotechnology,,,
40,2008-01-01,2008-12-31,2010,FY,10-K,,,2678541000.0,1978899000.0,,702363000.0,,,,1459302000.0,,,,,2143384000.0,-178819000.0,-1474569000.0,,,GILD,Gilead Sciences Inc.,Healthcare,USA,Biotechnology,,,
40,2009-01-01,2009-12-31,2011,FY,10-K,,,3529221000.0,2635755000.0,,876364000.0,,,,1272958000.0,,,,,3080054000.0,-2215900000.0,-1051438000.0,,,GILD,Gilead Sciences Inc.,Healthcare,USA,Biotechnology,,,
40,2010-01-01,2010-12-31,2012,FY,10-K,,,3962222000.0,2901257000.0,,1023799000.0,,,,907879000.0,,,,,2833913000.0,-1937751000.0,-1338710000.0,,,GILD,Gilead Sciences Inc.,Healthcare,USA,Biotechnology,,,
40,2011-01-01,2011-12-31,2013,FY,10-K,,,3789841000.0,2803637000.0,1229151000.0,861945000.0,,,,9884000000.0,,,,,3639010000.0,3589845000.0,1763569000.0,,,GILD,Gilead Sciences Inc.,Healthcare,USA,Biotechnology,,,
40,2012-01-01,2012-12-31,2014,FY,10-K,,,4010000000.0,2592000000.0,1760000000.0,1038000000.0,,,,1804000000.0,,,,,3195000000.0,-11846000000.0,563000000.0,,,GILD,Gilead Sciences Inc.,Healthcare,USA,Biotechnology,,,
40,2013-01-01,2013-12-31,2015,FY,10-K,,,4524000000.0,3075000000.0,2120000000.0,1151000000.0,,,,2113000000.0,,,,,3105000000.0,-254000000.0,-2544000000.0,,0.0,GILD,Gilead Sciences Inc.,Healthcare,USA,Biotechnology,,,
40,2014-01-01,2014-12-31,2016,FY,10-K,,,15265000000.0,12101000000.0,2854000000.0,2797000000.0,,,,10027000000.0,,,,,12818000000.0,-1823000000.0,-3025000000.0,,0.0,GILD,Gilead Sciences Inc.,Healthcare,USA,Biotechnology,,,
40,2015-01-01,2015-12-31,2017,FY,10-K,,,22193000000.0,18108000000.0,3014000000.0,3553000000.0,,,,12851000000.0,,,,,21250000000.0,-12475000000.0,-5884000000.0,,1874000000.0,GILD,Gilead Sciences Inc.,Healthcare,USA,Biotechnology,,,
40,2016-01-01,2016-12-31,2018,FY,10-K,,30390000000.0,17633000000.0,13501000000.0,5098000000.0,3609000000.0,,,,8229000000.0,,,,,17047000000.0,-11985000000.0,-9725000000.0,,2455000000.0,GILD,Gilead Sciences Inc.,Healthcare,USA,Biotechnology,,0.5802237578150707,0.4442579795985522
40,2017-01-01,2017-12-31,2019,FY,10-K,,26107000000.0,14124000000.0,4628000000.0,3734000000.0,8885000000.0,70283000000.0,,20442000000.0,,801000000.0,31823000000.0,11635000000.0,30795000000.0,11898000000.0,-16069000000.0,3393000000.0,,2731000000.0,GILD,Gilead Sciences Inc.,Healthcare,USA,Biotechnology,,0.5410043283410579,0.17727046386026737
40,2018-01-01,2018-12-31,2019,FY,10-K,,,,,5018000000.0,,63675000000.0,,21387000000.0,17940000000.0,814000000.0,35836000000.0,10605000000.0,24574000000.0,8400000000.0,14355000000.0,-12318000000.0,924000000.0,2971000000.0,GILD,Gilead Sciences Inc.,Healthcare,USA,Biotechnology,,,
40,2019-01-01,2019-12-31,2019,FY,10-K,,,,,9106000000.0,,61627000000.0,,22525000000.0,11631000000.0,922000000.0,30296000000.0,9759000000.0,22094000000.0,9144000000.0,-7817000000.0,-7634000000.0,825000000.0,3222000000.0,GILD,Gilead Sciences Inc.,Healthcare,USA,Biotechnology,,,
40,2020-01-01,2020-12-31,2022,FY,10-K,,24689000000.0,4071000000.0,123000000.0,,1580000000.0,68407000000.0,,18202000000.0,5997000000.0,1683000000.0,15996000000.0,11397000000.0,28645000000.0,8168000000.0,-14615000000.0,770000000.0,650000000.0,3449000000.0,GILD,Gilead Sciences Inc.,Healthcare,USA,Biotechnology,,0.1648912471140994,0.004981975778686865
40,2021-01-01,2021-12-31,2023,FY,10-K,,27305000000.0,9918000000.0,6225000000.0,,2077000000.0,67952000000.0,,21069000000.0,5338000000.0,1618000000.0,14772000000.0,11610000000.0,25179000000.0,11384000000.0,-3131000000.0,-8877000000.0,579000000.0,3605000000.0,GILD,Gilead Sciences Inc.,Healthcare,USA,Biotechnology,,0.36323017762314597,0.22798022340230728
40,2022-01-01,2022-12-31,2024,FY,10-K,,27281000000.0,7330000000.0,4592000000.0,,1248000000.0,63171000000.0,,21240000000.0,,1507000000.0,14443000000.0,11237000000.0,22957000000.0,9072000000.0,-2466000000.0,-6469000000.0,728000000.0,3709000000.0,GILD,Gilead Sciences Inc.,Healthcare,USA,Biotechnology,,0.2686851654997984,0.1683222755764085
40,2023-01-01,2023-12-31,2025,FY,10-K,,27116000000.0,7605000000.0,5665000000.0,,1247000000.0,62125000000.0,,22833000000.0,,1787000000.0,16085000000.0,11280000000.0,23189000000.0,8006000000.0,-2265000000.0,-5125000000.0,585000000.0,3809000000.0,GILD,Gilead Sciences Inc.,Healthcare,USA,Biotechnology,,0.2804617200177017,0.20891724443133206
40,2024-01-01,2024-12-31,2025,FY,10-K,,28754000000.0,1662000000.0,480000000.0,,211000000.0,58995000000.0,,19330000000.0,,1710000000.0,19173000000.0,12004000000.0,24896000000.0,10828000000.0,-3449000000.0,-3433000000.0,523000000.0,3918000000.0,GILD,Gilead Sciences Inc.,Healthcare,USA,Biotechnology,,0.05780065382207693,0.01669332962370453
40,2025-01-01,2025-12-31,2025,FY,10-K,,29443000000.0,10022000000.0,8510000000.0,,1286000000.0,,,,,,,,,10019000000.0,-4793000000.0,-7745000000.0,563000000.0,4003000000.0,GILD,Gilead Sciences Inc.,Healthcare,USA,Biotechnology,,0.34038650952688243,0.28903304690418774
41,2007-02-01,2008-01-31,2009,FY,10-K,,,21952000000.0,12731000000.0,,6889000000.0,,,,,,,,,20642000000.0,-15670000000.0,-7422000000.0,14937000000.0,3586000000.0,WMT,Walmart Inc.,Consumer Staples,USA,Retail,NYSE,,
41,2008-02-01,2009-01-31,2010,FY,10-K,,,22767000000.0,13381000000.0,,-7133000000.0,,,,7275000000.0,,,,,23147000000.0,-10742000000.0,-9918000000.0,11499000000.0,3746000000.0,WMT,Walmart Inc.,Consumer Staples,USA,Retail,NYSE,,
41,2009-02-01,2010-01-31,2011,FY,10-K,,,24002000000.0,14370000000.0,,7156000000.0,,,,7907000000.0,,,,,26249000000.0,-11620000000.0,-14191000000.0,12184000000.0,4217000000.0,WMT,Walmart Inc.,Consumer Staples,USA,Retail,NYSE,,
41,2010-02-01,2011-01-31,2012,FY,10-K,,,25542000000.0,16389000000.0,,7579000000.0,,,,7395000000.0,,,,,23643000000.0,-12193000000.0,-12028000000.0,12699000000.0,4437000000.0,WMT,Walmart Inc.,Consumer Staples,USA,Retail,NYSE,,
41,2011-02-01,2012-01-31,2013,FY,10-K,,,26491000000.0,15699000000.0,,7924000000.0,,,,6550000000.0,,,,,24255000000.0,-16609000000.0,-8458000000.0,13510000000.0,5048000000.0,WMT,Walmart Inc.,Consumer Staples,USA,Retail,NYSE,,
41,2012-02-01,2013-01-31,2015,FY,10-K,,,27725000000.0,16999000000.0,,7958000000.0,,,,7781000000.0,,,,,25591000000.0,-12637000000.0,-11946000000.0,12898000000.0,5361000000.0,WMT,Walmart Inc.,Consumer Staples,USA,Retail,NYSE,,
41,2013-02-01,2014-01-31,2016,FY,10-K,,,26872000000.0,16022000000.0,,8105000000.0,,,,7281000000.0,,,,,23257000000.0,-12526000000.0,-10789000000.0,13115000000.0,6139000000.0,WMT,Walmart Inc.,Consumer Staples,USA,Retail,NYSE,,
41,2014-02-01,2015-01-31,2017,FY,10-K,,,27147000000.0,16363000000.0,,7985000000.0,,,,9135000000.0,,,,,28564000000.0,-11125000000.0,-15071000000.0,12174000000.0,6185000000.0,WMT,Walmart Inc.,Consumer Staples,USA,Retail,NYSE,,
41,2015-02-01,2016-01-31,2018,FY,10-K,,,24105000000.0,14694000000.0,,6558000000.0,199581000000.0,,,8705000000.0,,,,,27552000000.0,-10675000000.0,-16285000000.0,11477000000.0,6294000000.0,WMT,Walmart Inc.,Consumer Staples,USA,Retail,NYSE,,
41,2016-02-01,2017-01-31,2019,FY,10-K,,481317000000.0,22764000000.0,13643000000.0,,6204000000.0,198825000000.0,,,,,,,,31673000000.0,-13896000000.0,-19072000000.0,10619000000.0,6216000000.0,WMT,Walmart Inc.,Consumer Staples,USA,Retail,NYSE,0.04729523370252869,0.028345144675961997
41,2017-02-01,2018-01-31,2020,FY,10-K,,495761000000.0,20437000000.0,9862000000.0,,4600000000.0,204522000000.0,,,,,,,,28337000000.0,-9079000000.0,-19875000000.0,10051000000.0,6124000000.0,WMT,Walmart Inc.,Consumer Staples,USA,Retail,NYSE,0.041223492771718634,0.01989264988573123
41,2018-02-01,2019-01-31,2021,FY,10-K,,510329000000.0,21957000000.0,6670000000.0,,4281000000.0,219295000000.0,,,,,,,,27753000000.0,-24036000000.0,-2537000000.0,10344000000.0,,WMT,Walmart Inc.,Consumer Staples,USA,Retail,NYSE,0.0430251857135299,0.013069999941214393
41,2019-02-01,2020-01-31,2022,FY,10-K,,519926000000.0,20568000000.0,14881000000.0,,4915000000.0,236495000000.0,,,,,,,,25255000000.0,-9128000000.0,-14299000000.0,10705000000.0,,WMT,Walmart Inc.,Consumer Staples,USA,Retail,NYSE,0.039559475771552104,0.028621380734950744
41,2020-02-01,2021-01-31,2023,FY,10-K,,555233000000.0,22548000000.0,13510000000.0,,6858000000.0,252496000000.0,,,,,,,,36074000000.0,-10071000000.0,-16117000000.0,10264000000.0,,WMT,Walmart Inc.,Consumer Staples,USA,Retail,NYSE,0.040609978153315816,0.024332127233071522
41,2021-02-01,2022-01-31,2024,FY,10-K,,567762000000.0,25942000000.0,,,4756000000.0,244860000000.0,,,,,,,,24181000000.0,-6015000000.0,-22828000000.0,13106000000.0,,WMT,Walmart Inc.,Consumer Staples,USA,Retail,NYSE,0.04569168066901272,
41,2022-02-01,2023-01-31,2025,FY,10-K,,605881000000.0,20428000000.0,,,5724000000.0,243197000000.0,,,,,,,,28841000000.0,-17722000000.0,-17039000000.0,16857000000.0,,WMT,Walmart Inc.,Consumer Staples,USA,Retail,NYSE,0.03371619179343799,
41,2023-02-01,2024-01-31,2026,FY,10-K,,642637000000.0,27012000000.0,,,5578000000.0,252399000000.0,,,,,,,,35726000000.0,-21287000000.0,-13414000000.0,20606000000.0,,WMT,Walmart Inc.,Consumer Staples,USA,Retail,NYSE,0.04203306065477089,
41,2024-02-01,2025-01-31,2026,FY,10-K,,674538000000.0,29348000000.0,,,6152000000.0,260823000000.0,,91013000000.0,9037000000.0,56435000000.0,79458000000.0,96584000000.0,33401000000.0,36443000000.0,-21379000000.0,-14822000000.0,23783000000.0,,WMT,Walmart Inc.,Consumer Staples,USA,Retail,NYSE,0.043508297531050885,
41,2025-02-01,2026-01-31,2026,FY,10-K,,706413000000.0,29825000000.0,,,7199000000.0,,,,,,,,,41565000000.0,-26350000000.0,-13553000000.0,26642000000.0,,WMT,Walmart Inc.,Consumer Staples,USA,Retail,NYSE,0.04222034418958881,
42,2007-09-03,2008-08-31,2010,FY,10-K,,,1969000000.0,1283000000.0,,716000000.0,,,,2619000000.0,,,,,2206000000.0,-1717000000.0,-643000000.0,1599000000.0,265000000.0,COST,Costco Wholesale Corporation,Consumer Staples,USA,Retail,NASDAQ,,
42,2008-09-01,2009-08-30,2011,FY,10-K,,,1777000000.0,1086000000.0,,628000000.0,,,,3157000000.0,,,,,2092000000.0,-1101000000.0,-439000000.0,1250000000.0,296000000.0,COST,Costco Wholesale Corporation,Consumer Staples,USA,Retail,NASDAQ,,
42,2009-08-31,2010-08-29,2012,FY,10-K,,,2077000000.0,1303000000.0,,731000000.0,,,,3214000000.0,,,,,2780000000.0,-2015000000.0,-719000000.0,1055000000.0,338000000.0,COST,Costco Wholesale Corporation,Consumer Staples,USA,Retail,NASDAQ,,
42,2010-08-30,2011-08-28,2013,FY,10-K,,,2439000000.0,1462000000.0,,841000000.0,,,,4009000000.0,,,,,3198000000.0,-1180000000.0,-1277000000.0,1290000000.0,389000000.0,COST,Costco Wholesale Corporation,Consumer Staples,USA,Retail,NASDAQ,,
42,2011-08-29,2012-09-02,2014,FY,10-K,,,2759000000.0,1709000000.0,,1000000000.0,,,,3528000000.0,,,,,3057000000.0,-1236000000.0,-2281000000.0,1480000000.0,446000000.0,COST,Costco Wholesale Corporation,Consumer Staples,USA,Retail,NASDAQ,,
42,2012-09-03,2013-09-01,2015,FY,10-K,,,3053000000.0,2039000000.0,,990000000.0,,,,4644000000.0,,,,,,,,2083000000.0,3560000000.0,COST,Costco Wholesale Corporation,Consumer Staples,USA,Retail,NASDAQ,,
42,2013-09-02,2014-08-31,2016,FY,10-K,,,3220000000.0,2058000000.0,,1109000000.0,,,,5738000000.0,,,,,,,,1993000000.0,584000000.0,COST,Costco Wholesale Corporation,Consumer Staples,USA,Retail,NASDAQ,,
42,2014-09-01,2015-08-30,2017,FY,10-K,,,3624000000.0,2377000000.0,,1195000000.0,,,,4801000000.0,,,,,,,,2393000000.0,2865000000.0,COST,Costco Wholesale Corporation,Consumer Staples,USA,Retail,NASDAQ,,
42,2015-08-31,2016-08-28,2018,FY,10-K,,118719000000.0,3672000000.0,2350000000.0,,1243000000.0,,,,3379000000.0,,,,,,,,2649000000.0,746000000.0,COST,Costco Wholesale Corporation,Consumer Staples,USA,Retail,NASDAQ,0.030930179667955426,0.019794641127367986
42,2016-08-29,2017-09-03,2019,Q4,10-K,,129025000000.0,4111000000.0,2679000000.0,,1325000000.0,,,,4546000000.0,,,,,,,,,,COST,Costco Wholesale Corporation,Consumer Staples,USA,Retail,NASDAQ,0.031862042239875994,0.020763417942259253
42,2017-09-04,2018-09-02,2020,FY,10-K,,141576000000.0,4480000000.0,3134000000.0,,1263000000.0,,,,6055000000.0,,,,,5774000000.0,-2947000000.0,-1281000000.0,2969000000.0,689000000.0,COST,Costco Wholesale Corporation,Consumer Staples,USA,Retail,NASDAQ,0.03164378143188111,0.022136520314177545
42,2018-09-03,2019-09-01,2021,FY,10-K,,152703000000.0,4737000000.0,3659000000.0,,1061000000.0,45400000000.0,,,8384000000.0,,,,,6356000000.0,-2865000000.0,-1147000000.0,2998000000.0,1038000000.0,COST,Costco Wholesale Corporation,Consumer Staples,USA,Retail,NASDAQ,0.031021001552032378,0.023961546269555937
42,2019-09-02,2020-08-30,2022,FY,10-K,,166761000000.0,5435000000.0,4002000000.0,,1308000000.0,55556000000.0,,,,,,,,8861000000.0,-3891000000.0,-1147000000.0,2810000000.0,,COST,Costco Wholesale Corporation,Consumer Staples,USA,Retail,NASDAQ,0.03259155318089961,0.023998416896036844
42,2020-08-31,2021-08-29,2023,FY,10-K,,195929000000.0,6708000000.0,5007000000.0,,1601000000.0,59268000000.0,,,,,,,,8958000000.0,-3535000000.0,-6488000000.0,3588000000.0,,COST,Costco Wholesale Corporation,Consumer Staples,USA,Retail,NASDAQ,0.034236891935343926,0.025555175599324246
42,2021-08-30,2022-08-28,2024,FY,10-K,,226954000000.0,7793000000.0,5844000000.0,,1925000000.0,64166000000.0,,,,,,,,7392000000.0,-3915000000.0,-4283000000.0,3891000000.0,,COST,Costco Wholesale Corporation,Consumer Staples,USA,Retail,NASDAQ,0.03433735470624003,0.025749711395260715
42,2022-08-29,2023-09-03,2025,FY,10-K,,242290000000.0,8114000000.0,6292000000.0,,2195000000.0,68994000000.0,,,,,,,,11068000000.0,-4972000000.0,-2614000000.0,4323000000.0,,COST,Costco Wholesale Corporation,Consumer Staples,USA,Retail,NASDAQ,0.033488794419910026,0.025968880267448098
42,2023-09-04,2024-09-01,2025,FY,10-K,,254453000000.0,9285000000.0,7367000000.0,,2373000000.0,69831000000.0,46209000000.0,,9906000000.0,18647000000.0,34246000000.0,35464000000.0,5794000000.0,11339000000.0,-4409000000.0,-10764000000.0,4710000000.0,,COST,Costco Wholesale Corporation,Consumer Staples,USA,Retail,NASDAQ,0.036490039417888566,0.028952301603832536
42,2024-09-02,2025-08-31,2025,FY,10-K,,275235000000.0,10383000000.0,8099000000.0,,2719000000.0,,,,,,,,,13335000000.0,-5311000000.0,-3775000000.0,5498000000.0,,COST,Costco Wholesale Corporation,Consumer Staples,USA,Retail,NASDAQ,0.03772412665540356,0.029425763438516175
43,2007-01-01,2007-12-31,2009,FY,10-K,,,7252000000.0,5981000000.0,,1892000000.0,,,,4093000000.0,,,,,7150000000.0,-6719000000.0,973000000.0,1648000000.0,3149000000.0,KO,The Coca-Cola Company,Consumer Staples,USA,Beverages,NYSE,,
43,2008-01-01,2008-12-31,2010,FY,10-K,,,8446000000.0,5807000000.0,,1632000000.0,,,,4701000000.0,,,,,7571000000.0,-2363000000.0,-3985000000.0,1968000000.0,3521000000.0,KO,The Coca-Cola Company,Consumer Staples,USA,Beverages,NYSE,,
43,2009-01-01,2009-12-31,2011,FY,10-K,,,8231000000.0,6824000000.0,,2040000000.0,,,24799000000.0,,,,,,8186000000.0,-4149000000.0,-2293000000.0,1993000000.0,3800000000.0,KO,The Coca-Cola Company,Consumer Staples,USA,Beverages,NYSE,,
43,2011-01-01,2011-12-31,2013,FY,10-K,,,10173000000.0,8584000000.0,,2812000000.0,,,,12803000000.0,,,,,9474000000.0,-2524000000.0,-2234000000.0,2920000000.0,4300000000.0,KO,The Coca-Cola Company,Consumer Staples,USA,Beverages,NYSE,,
43,2012-01-01,2012-12-31,2014,FY,10-K,,,10779000000.0,9019000000.0,,2723000000.0,86174000000.0,,32790000000.0,,3264000000.0,30328000000.0,27821000000.0,14736000000.0,10645000000.0,-11404000000.0,-3347000000.0,2780000000.0,4595000000.0,KO,The Coca-Cola Company,Consumer Staples,USA,Beverages,NYSE,,
43,2014-01-01,2014-12-31,2016,FY,10-K,,,9708000000.0,7098000000.0,,2201000000.0,,,,8958000000.0,,,,,10615000000.0,-7506000000.0,-3631000000.0,2406000000.0,5350000000.0,KO,The Coca-Cola Company,Consumer Staples,USA,Beverages,NYSE,,
43,2015-01-01,2015-12-31,2017,FY,10-K,,,8728000000.0,7351000000.0,,2239000000.0,,,,7309000000.0,,,,,10528000000.0,-6186000000.0,-5113000000.0,2553000000.0,5741000000.0,KO,The Coca-Cola Company,Consumer Staples,USA,Beverages,NYSE,,
43,2017-01-01,2017-12-31,2019,FY,10-K,,,7755000000.0,1248000000.0,,5607000000.0,,,,6102000000.0,,,,,7041000000.0,-2312000000.0,-7447000000.0,1750000000.0,6320000000.0,KO,The Coca-Cola Company,Consumer Staples,USA,Beverages,NYSE,,
43,2018-01-01,2018-12-31,2020,FY,10-K,,,9152000000.0,6434000000.0,,1749000000.0,,,,9077000000.0,,,,,7627000000.0,5927000000.0,-10347000000.0,1548000000.0,6644000000.0,KO,The Coca-Cola Company,Consumer Staples,USA,Beverages,NYSE,,
43,2019-01-01,2019-12-31,2021,FY,10-K,,,10086000000.0,8920000000.0,,1801000000.0,,,,6480000000.0,,,,,10471000000.0,-3976000000.0,-9004000000.0,2054000000.0,6845000000.0,KO,The Coca-Cola Company,Consumer Staples,USA,Beverages,NYSE,,
43,2020-01-01,2020-12-31,2022,FY,10-K,,,8997000000.0,7747000000.0,,1981000000.0,,,,6795000000.0,,,,,9844000000.0,-1477000000.0,-8070000000.0,1177000000.0,7047000000.0,KO,The Coca-Cola Company,Consumer Staples,USA,Beverages,NYSE,,
43,2021-01-01,2021-12-31,2023,FY,10-K,,,10308000000.0,9771000000.0,,2621000000.0,,,,9684000000.0,,,,,12625000000.0,-2765000000.0,-6786000000.0,1367000000.0,7252000000.0,KO,The Coca-Cola Company,Consumer Staples,USA,Beverages,NYSE,,
43,2023-01-01,2023-12-31,2025,FY,10-K,,,11311000000.0,10714000000.0,,2249000000.0,,,,9366000000.0,,,,,11599000000.0,-3349000000.0,-8310000000.0,1852000000.0,7952000000.0,KO,The Coca-Cola Company,Consumer Staples,USA,Beverages,NYSE,,
43,2024-01-01,2024-12-31,2025,FY,10-K,,,9992000000.0,10631000000.0,,2437000000.0,100549000000.0,,24856000000.0,,4728000000.0,25997000000.0,25249000000.0,,6805000000.0,2524000000.0,-6910000000.0,2064000000.0,8359000000.0,KO,The Coca-Cola Company,Consumer Staples,USA,Beverages,NYSE,,
43,2025-01-01,2025-12-31,2025,FY,10-K,,,13762000000.0,13107000000.0,,2861000000.0,,,,,,,,,7408000000.0,-67000000.0,-8140000000.0,2112000000.0,8779000000.0,KO,The Coca-Cola Company,Consumer Staples,USA,Beverages,NYSE,,
44,2006-12-31,2007-12-29,2009,FY,10-K,,,7182000000.0,5658000000.0,,1973000000.0,,,,,,,,,6934000000.0,-3744000000.0,-4006000000.0,,2204000000.0,PEP,PepsiCo Inc.,Consumer Staples,USA,Food & Beverages,NASDAQ,,
44,2008-12-28,2009-12-26,2011,FY,10-K,,,8044000000.0,5946000000.0,414000000.0,2100000000.0,,,,3943000000.0,,,,,6796000000.0,-2401000000.0,-2497000000.0,,2732000000.0,PEP,PepsiCo Inc.,Consumer Staples,USA,Food & Beverages,NASDAQ,,
44,2009-12-27,2010-12-25,2012,FY,10-K,,,8332000000.0,6320000000.0,488000000.0,1894000000.0,,,,5943000000.0,,,,,8448000000.0,-7668000000.0,1386000000.0,,2978000000.0,PEP,PepsiCo Inc.,Consumer Staples,USA,Food & Beverages,NASDAQ,,
44,2010-12-26,2011-12-31,2013,FY,10-K,,,9633000000.0,6443000000.0,525000000.0,2372000000.0,72882000000.0,,,,,,,,8944000000.0,-5618000000.0,-5135000000.0,,3157000000.0,PEP,PepsiCo Inc.,Consumer Staples,USA,Food & Beverages,NASDAQ,,
44,2012-12-30,2013-12-28,2015,FY,10-K,,,9705000000.0,6740000000.0,665000000.0,2104000000.0,,,,9375000000.0,,,,,9688000000.0,-2625000000.0,-3789000000.0,,3434000000.0,PEP,PepsiCo Inc.,Consumer Staples,USA,Food & Beverages,NASDAQ,,
44,2013-12-29,2014-12-27,2016,FY,10-K,,,9581000000.0,6513000000.0,718000000.0,2199000000.0,,,,6134000000.0,,,,,10506000000.0,-4937000000.0,-8264000000.0,,3730000000.0,PEP,PepsiCo Inc.,Consumer Staples,USA,Food & Beverages,NASDAQ,,
44,2014-12-28,2015-12-26,2017,FY,10-K,,,8353000000.0,5452000000.0,754000000.0,1941000000.0,,,,9096000000.0,,,,,10864000000.0,-3569000000.0,-4112000000.0,,4040000000.0,PEP,PepsiCo Inc.,Consumer Staples,USA,Food & Beverages,NASDAQ,,
44,2015-12-27,2016-12-31,2018,FY,10-K,,,9804000000.0,6329000000.0,760000000.0,2174000000.0,73490000000.0,62291000000.0,11246000000.0,9158000000.0,2723000000.0,26450000000.0,21135000000.0,30053000000.0,10663000000.0,-7150000000.0,-3211000000.0,,4227000000.0,PEP,PepsiCo Inc.,Consumer Staples,USA,Food & Beverages,NASDAQ,,
44,2017-01-01,2017-12-30,2019,FY,10-K,,,10276000000.0,4857000000.0,737000000.0,4694000000.0,79804000000.0,68823000000.0,11045000000.0,10610000000.0,2947000000.0,31027000000.0,20502000000.0,33796000000.0,10030000000.0,-4403000000.0,-4186000000.0,,4472000000.0,PEP,PepsiCo Inc.,Consumer Staples,USA,Food & Beverages,NASDAQ,,
44,2017-12-31,2018-12-29,2020,FY,10-K,,,10110000000.0,12515000000.0,680000000.0,-3370000000.0,77648000000.0,63046000000.0,14518000000.0,8721000000.0,3128000000.0,21893000000.0,22138000000.0,28295000000.0,9415000000.0,4564000000.0,-13769000000.0,,4930000000.0,PEP,PepsiCo Inc.,Consumer Staples,USA,Food & Beverages,NASDAQ,,
44,2018-12-30,2019-12-28,2021,FY,10-K,,,10291000000.0,7314000000.0,711000000.0,1959000000.0,78547000000.0,63679000000.0,14786000000.0,5509000000.0,3338000000.0,17645000000.0,20461000000.0,29148000000.0,9649000000.0,-6437000000.0,-8489000000.0,,5304000000.0,PEP,PepsiCo Inc.,Consumer Staples,USA,Food & Beverages,NASDAQ,,
44,2019-12-29,2020-12-26,2022,FY,10-K,,,10080000000.0,7120000000.0,719000000.0,1894000000.0,92918000000.0,79366000000.0,13454000000.0,8185000000.0,4172000000.0,23001000000.0,23372000000.0,40370000000.0,10613000000.0,-11619000000.0,3819000000.0,,5509000000.0,PEP,PepsiCo Inc.,Consumer Staples,USA,Food & Beverages,NASDAQ,,
44,2020-12-27,2021-12-25,2023,FY,10-K,,,11162000000.0,7618000000.0,752000000.0,2142000000.0,92377000000.0,76226000000.0,16043000000.0,5596000000.0,4347000000.0,21783000000.0,26220000000.0,36026000000.0,11616000000.0,-3269000000.0,-10780000000.0,,5815000000.0,PEP,PepsiCo Inc.,Consumer Staples,USA,Food & Beverages,NASDAQ,,
44,2023-01-01,2023-12-30,2025,FY,10-K,,,11986000000.0,9074000000.0,804000000.0,2262000000.0,,,,,,,,,13442000000.0,-5495000000.0,-3009000000.0,,6682000000.0,PEP,PepsiCo Inc.,Consumer Staples,USA,Food & Beverages,NASDAQ,,
44,2023-12-31,2024-12-28,2025,FY,10-K,,,12887000000.0,9578000000.0,813000000.0,2320000000.0,99467000000.0,81296000000.0,18041000000.0,8505000000.0,5306000000.0,25826000000.0,31536000000.0,37224000000.0,12507000000.0,-5472000000.0,-7556000000.0,,7229000000.0,PEP,PepsiCo Inc.,Consumer Staples,USA,Food & Beverages,NASDAQ,,
44,2024-12-29,2025-12-27,2025,FY,10-K,,,11498000000.0,8240000000.0,839000000.0,1949000000.0,,,,,,,,42321000000.0,12087000000.0,-6879000000.0,-4979000000.0,,7638000000.0,PEP,PepsiCo Inc.,Consumer Staples,USA,Food & Beverages,NASDAQ,,
45,2007-06-01,2008-05-31,2010,FY,10-K,,,,1883400000.0,,619500000.0,,,7825000000.0,2134000000.0,,,,,1936300000.0,-489800000.0,-1226100000.0,449200000.0,412900000.0,NKE,Nike Inc.,Consumer Discretionary,USA,Apparel,NYSE,,
45,2008-06-01,2009-05-31,2011,FY,10-K,,,,1487000000.0,,470000000.0,,,8693000000.0,2291000000.0,,,,,1736000000.0,-798000000.0,-734000000.0,456000000.0,467000000.0,NKE,Nike Inc.,Consumer Discretionary,USA,Apparel,NYSE,,
45,2009-06-01,2010-05-31,2012,FY,10-K,,,,1907000000.0,,610000000.0,,,9754000000.0,3079000000.0,,,,,3164000000.0,-1268000000.0,-1061000000.0,335000000.0,,NKE,Nike Inc.,Consumer Discretionary,USA,Apparel,NYSE,,
45,2010-06-01,2011-05-31,2013,FY,10-K,,,,2133000000.0,,690000000.0,,,9793000000.0,,,,,,1812000000.0,-1021000000.0,-1972000000.0,432000000.0,,NKE,Nike Inc.,Consumer Discretionary,USA,Apparel,NYSE,,
45,2011-06-01,2012-05-31,2014,FY,10-K,,,,,,754000000.0,,,10319000000.0,2254000000.0,,,,,,586000000.0,-2100000000.0,563000000.0,,NKE,Nike Inc.,Consumer Discretionary,USA,Apparel,NYSE,,
45,2012-06-01,2013-05-31,2015,FY,10-K,,,,2472000000.0,,805000000.0,,,11081000000.0,3337000000.0,,,,,3032000000.0,-940000000.0,-1045000000.0,598000000.0,,NKE,Nike Inc.,Consumer Discretionary,USA,Apparel,NYSE,,
45,2013-06-01,2014-05-31,2016,FY,10-K,,,,2693000000.0,,851000000.0,,,10824000000.0,2220000000.0,,,,,3013000000.0,-1207000000.0,-2914000000.0,880000000.0,,NKE,Nike Inc.,Consumer Discretionary,USA,Apparel,NYSE,,
45,2014-06-01,2015-05-31,2017,FY,10-K,,,,3273000000.0,,932000000.0,,,12707000000.0,3852000000.0,,,,,4680000000.0,-175000000.0,-2790000000.0,963000000.0,,NKE,Nike Inc.,Consumer Discretionary,USA,Apparel,NYSE,,
45,2015-06-01,2016-05-31,2018,FY,10-K,,,,3760000000.0,,863000000.0,,,12258000000.0,3138000000.0,,,,,3399000000.0,-1034000000.0,-2974000000.0,1143000000.0,,NKE,Nike Inc.,Consumer Discretionary,USA,Apparel,NYSE,,
45,2016-06-01,2017-05-31,2019,FY,10-K,,34350000000.0,,4240000000.0,,646000000.0,,,12407000000.0,3808000000.0,,,,,3846000000.0,-1008000000.0,-2148000000.0,1105000000.0,,NKE,Nike Inc.,Consumer Discretionary,USA,Apparel,NYSE,,0.12343522561863174
45,2017-06-01,2018-05-31,2020,FY,10-K,,36397000000.0,,1933000000.0,,2392000000.0,,,9812000000.0,,,,,,4955000000.0,276000000.0,-4835000000.0,1028000000.0,,NKE,Nike Inc.,Consumer Discretionary,USA,Apparel,NYSE,,0.05310877270104679
45,2018-06-01,2019-05-31,2021,FY,10-K,,39117000000.0,,4029000000.0,,772000000.0,,,9040000000.0,,,,,,5903000000.0,-264000000.0,-5293000000.0,1119000000.0,,NKE,Nike Inc.,Consumer Discretionary,USA,Apparel,NYSE,,0.10299869621903521
45,2019-06-01,2020-05-31,2022,FY,10-K,,37403000000.0,,2539000000.0,,348000000.0,,,8055000000.0,,,,,,2485000000.0,-1028000000.0,2491000000.0,1086000000.0,,NKE,Nike Inc.,Consumer Discretionary,USA,Apparel,NYSE,,0.06788225543405609
45,2020-06-01,2021-05-31,2023,FY,10-K,,44538000000.0,,5727000000.0,,934000000.0,,,12767000000.0,,,,,,6657000000.0,-3800000000.0,-1459000000.0,695000000.0,,NKE,Nike Inc.,Consumer Discretionary,USA,Apparel,NYSE,,0.12858682473393507
45,2021-06-01,2022-05-31,2024,FY,10-K,,46710000000.0,,,,605000000.0,,,15281000000.0,,,,,,5188000000.0,-1524000000.0,-4836000000.0,758000000.0,,NKE,Nike Inc.,Consumer Discretionary,USA,Apparel,NYSE,,
45,2022-06-01,2023-05-31,2025,FY,10-K,,51217000000.0,,,,1131000000.0,,,14004000000.0,,,,,,5841000000.0,564000000.0,-7447000000.0,969000000.0,,NKE,Nike Inc.,Consumer Discretionary,USA,Apparel,NYSE,,
45,2023-06-01,2024-05-31,2026,FY,10-K,,51362000000.0,,,,1000000000.0,,,14430000000.0,,,,,,7429000000.0,894000000.0,-5888000000.0,812000000.0,,NKE,Nike Inc.,Consumer Discretionary,USA,Apparel,NYSE,,
45,2024-06-01,2025-05-31,2026,FY,10-K,,46309000000.0,,,,666000000.0,36579000000.0,,13213000000.0,7464000000.0,,23362000000.0,10566000000.0,7961000000.0,3698000000.0,-275000000.0,-5820000000.0,430000000.0,,NKE,Nike Inc.,Consumer Discretionary,USA,Apparel,NYSE,,
45,2025-06-01,2026-05-31,2026,FY,10-K,,46398000000.0,,3108000000.0,,792000000.0,38410000000.0,,14865000000.0,7563000000.0,,24603000000.0,12547000000.0,5942000000.0,2868000000.0,-488000000.0,-2292000000.0,684000000.0,,NKE,Nike Inc.,Consumer Discretionary,USA,Apparel,NYSE,,0.06698564593301436
46,2007-01-01,2007-12-31,2009,FY,10-K,,,3879000000.0,2395100000.0,,1237100000.0,,,15279800000.0,1981300000.0,,,,,4876300000.0,-1150100000.0,-3996300000.0,1946600000.0,,MCD,McDonald's Corporation,Consumer,USA,Restaurants,,,
46,2008-01-01,2008-12-31,2010,FY,10-K,,,6442900000.0,4313200000.0,,1844800000.0,,,13382600000.0,2063400000.0,,,,,5917200000.0,-1624700000.0,-4114500000.0,2135700000.0,,MCD,McDonald's Corporation,Consumer,USA,Restaurants,,,
46,2009-01-01,2009-12-31,2011,FY,10-K,,,6841000000.0,4551000000.0,,1936000000.0,,,14033900000.0,1796000000.0,,,,,5751000000.0,-1655300000.0,-4421000000.0,1952100000.0,,MCD,McDonald's Corporation,Consumer,USA,Restaurants,,,
46,2010-01-01,2010-12-31,2012,FY,10-K,,,7473100000.0,4946300000.0,,2054000000.0,,,14634200000.0,2387000000.0,,,,,6341600000.0,-2056000000.0,-3728700000.0,2135500000.0,,MCD,McDonald's Corporation,Consumer,USA,Restaurants,,,
46,2011-01-01,2011-12-31,2013,FY,10-K,,,8529700000.0,5503100000.0,,2509100000.0,,,14390200000.0,2335700000.0,,,,,7150100000.0,-2570900000.0,-4533000000.0,2729800000.0,,MCD,McDonald's Corporation,Consumer,USA,Restaurants,,,
46,2012-01-01,2012-12-31,2014,FY,10-K,,,8604600000.0,5464800000.0,,2614200000.0,,,15293600000.0,2336100000.0,,,,,6966100000.0,-3167300000.0,-3849800000.0,3049200000.0,,MCD,McDonald's Corporation,Consumer,USA,Restaurants,,,
46,2013-01-01,2013-12-31,2015,FY,10-K,,,8764300000.0,5585900000.0,,2618600000.0,,,16009700000.0,2798700000.0,,,,,7120700000.0,-2673800000.0,-4043000000.0,2824700000.0,,MCD,McDonald's Corporation,Consumer,USA,Restaurants,,,
46,2014-01-01,2014-12-31,2016,FY,10-K,,,7949200000.0,4757800000.0,,2614200000.0,,,12853400000.0,2077900000.0,,,,,6730300000.0,-2304900000.0,-4618300000.0,2583400000.0,,MCD,McDonald's Corporation,Consumer,USA,Restaurants,,,
46,2015-01-01,2015-12-31,2017,FY,10-K,,,7145500000.0,4529300000.0,,2026400000.0,,,7087900000.0,7685500000.0,,,,,6539100000.0,-1420000000.0,735300000.0,1813900000.0,,MCD,McDonald's Corporation,Consumer,USA,Restaurants,,,
46,2016-01-01,2016-12-31,2018,FY,10-K,,,7744500000.0,4686500000.0,,2179500000.0,,,-2204300000.0,1223400000.0,,,,,6059600000.0,-981600000.0,-11262400000.0,1821100000.0,,MCD,McDonald's Corporation,Consumer,USA,Restaurants,,,
46,2017-01-01,2017-12-31,2019,FY,10-K,,,9552700000.0,5192300000.0,,3381200000.0,,,-3268000000.0,2463800000.0,,,,,5551200000.0,562000000.0,-5310800000.0,1853700000.0,,MCD,McDonald's Corporation,Consumer,USA,Restaurants,,,
46,2018-01-01,2018-12-31,2020,FY,10-K,,,8822600000.0,5924300000.0,,1891800000.0,,,-6258400000.0,866000000.0,,,,,6966700000.0,-2455100000.0,-5949600000.0,2741700000.0,,MCD,McDonald's Corporation,Consumer,USA,Restaurants,,,
46,2019-01-01,2019-12-31,2021,FY,10-K,,,9069800000.0,6025400000.0,,1992700000.0,,,-8210300000.0,,,,,,8122100000.0,-3071100000.0,-4994800000.0,2393700000.0,,MCD,McDonald's Corporation,Consumer,USA,Restaurants,,,
46,2020-01-01,2020-12-31,2022,FY,10-K,,,7324000000.0,4730500000.0,,1410200000.0,,,-7824900000.0,,,,,,6265200000.0,-1545800000.0,-2249000000.0,1640800000.0,,MCD,McDonald's Corporation,Consumer,USA,Restaurants,,,
46,2021-01-01,2021-12-31,2023,FY,10-K,,,10356000000.0,,,1582700000.0,,,-4601000000.0,,,,,,9141500000.0,-2165700000.0,-5595600000.0,2040000000.0,,MCD,McDonald's Corporation,Consumer,USA,Restaurants,,,
46,2022-01-01,2022-12-31,2024,FY,10-K,,,9371000000.0,,,1648000000.0,,,-6003000000.0,,,,,,7387000000.0,-2678000000.0,-6580000000.0,1899000000.0,,MCD,McDonald's Corporation,Consumer,USA,Restaurants,,,
46,2023-01-01,2023-12-31,2025,FY,10-K,,,11647000000.0,,,2053000000.0,56147000000.0,,-4707000000.0,,,,,,9612000000.0,-3185000000.0,-4374000000.0,2357000000.0,,MCD,McDonald's Corporation,Consumer,USA,Restaurants,,,
46,2024-01-01,2024-12-31,2025,FY,10-K,,,11712000000.0,,,2121000000.0,55182000000.0,,,1085000000.0,56000000.0,4599000000.0,3861000000.0,38424000000.0,9447000000.0,-5346000000.0,-7495000000.0,2775000000.0,,MCD,McDonald's Corporation,Consumer,USA,Restaurants,,,
46,2025-01-01,2025-12-31,2025,FY,10-K,,,12393000000.0,,,2334000000.0,,,,,,,,,10551000000.0,-3822000000.0,-7125000000.0,3365000000.0,,MCD,McDonald's Corporation,Consumer,USA,Restaurants,,,
47,2006-10-02,2007-09-30,2009,FY,10-K,,,1053900000.0,672600000.0,,383700000.0,,,,281300000.0,,,,,1331200000.0,-1201900000.0,-171900000.0,1080300000.0,,SBUX,Starbucks Corporation,Consumer,USA,Restaurants,,,
47,2007-10-01,2008-09-28,2010,FY,10-K,,,503900000.0,315500000.0,,144000000.0,,,,269800000.0,,,,,1258700000.0,-1086600000.0,-184500000.0,984500000.0,0.0,SBUX,Starbucks Corporation,Consumer,USA,Restaurants,,,
47,2008-09-29,2009-09-27,2011,FY,10-K,,,562000000.0,390800000.0,,168400000.0,5576800000.0,,,,,,,,1389000000.0,-421100000.0,-642200000.0,445600000.0,0.0,SBUX,Starbucks Corporation,Consumer,USA,Restaurants,,,
47,2010-10-04,2011-10-02,2013,FY,10-K,,,1728500000.0,1245700000.0,,563100000.0,,,,1148100000.0,,,,,1612400000.0,-1019500000.0,-608000000.0,531900000.0,389500000.0,SBUX,Starbucks Corporation,Consumer,USA,Restaurants,,,
47,2011-10-03,2012-09-30,2014,FY,10-K,,,1997400000.0,1383800000.0,,674400000.0,,,,1188600000.0,,,,,1750300000.0,-974000000.0,-745500000.0,856200000.0,513000000.0,SBUX,Starbucks Corporation,Consumer,USA,Restaurants,,,
47,2012-10-01,2013-09-29,2015,FY,10-K,,,-325400000.0,8300000.0,,-238700000.0,,,,2575700000.0,,,,,2908300000.0,-1411200000.0,-108200000.0,1151200000.0,628900000.0,SBUX,Starbucks Corporation,Consumer,USA,Restaurants,,,
47,2013-09-30,2014-09-28,2016,FY,10-K,,,3081100000.0,2068100000.0,,1092000000.0,,,,1708400000.0,,,,,607800000.0,-817700000.0,-623300000.0,1160900000.0,783100000.0,SBUX,Starbucks Corporation,Consumer,USA,Restaurants,,,
47,2014-09-29,2015-09-27,2017,FY,10-K,,,3601000000.0,2757400000.0,,1143700000.0,,,,1530100000.0,,,,,3749100000.0,-1520300000.0,-2256500000.0,1303700000.0,928600000.0,SBUX,Starbucks Corporation,Consumer,USA,Restaurants,,,
47,2015-09-28,2016-10-02,2018,FY,10-K,,,4171900000.0,2817700000.0,,1379700000.0,,,,2128800000.0,,,,,4697900000.0,-2222900000.0,-1872800000.0,1440300000.0,1178000000.0,SBUX,Starbucks Corporation,Consumer,USA,Restaurants,,,
47,2016-10-03,2017-10-01,2019,FY,10-K,,,4134700000.0,2884700000.0,,1432600000.0,,,,2462300000.0,,,,,4251800000.0,-850000000.0,-3079100000.0,1519400000.0,1450400000.0,SBUX,Starbucks Corporation,Consumer,USA,Restaurants,,,
47,2017-10-02,2018-09-30,2020,FY,10-K,,,3883300000.0,4518300000.0,,1262000000.0,,,,8756300000.0,,,,,11937800000.0,-2361500000.0,-3242800000.0,1976400000.0,1743400000.0,SBUX,Starbucks Corporation,Consumer,USA,Restaurants,,,
47,2018-10-01,2019-09-29,2021,FY,10-K,,,4077900000.0,3599200000.0,,871600000.0,19219600000.0,,,2686600000.0,,,,,5047000000.0,-1010800000.0,-10056900000.0,1806600000.0,1761300000.0,SBUX,Starbucks Corporation,Consumer,USA,Restaurants,,,
47,2019-09-30,2020-09-27,2022,FY,10-K,,,1561700000.0,928300000.0,,239700000.0,29374500000.0,,,,,,,,1597800000.0,-1711500000.0,1713300000.0,1483600000.0,1923500000.0,SBUX,Starbucks Corporation,Consumer,USA,Restaurants,,,
47,2020-09-28,2021-10-03,2023,FY,10-K,,,4872100000.0,4199300000.0,,1156600000.0,31392600000.0,36707100000.0,-5321200000.0,,1603900000.0,9756400000.0,8151400000.0,13616900000.0,5989100000.0,-319500000.0,-3651000000.0,1470000000.0,2119000000.0,SBUX,Starbucks Corporation,Consumer,USA,Restaurants,,,
47,2021-10-04,2022-10-02,2024,FY,10-K,,,4617800000.0,3281600000.0,,948500000.0,27978400000.0,36677100000.0,-8706600000.0,,2176600000.0,7018700000.0,9151800000.0,13119900000.0,4397300000.0,-2146300000.0,-5638000000.0,1841300000.0,2263300000.0,SBUX,Starbucks Corporation,Consumer,USA,Restaurants,,,
47,2022-10-03,2023-10-01,2025,FY,10-K,,,5870800000.0,4124500000.0,,1277200000.0,29445500000.0,37433300000.0,-7994800000.0,,1806400000.0,7303400000.0,9345300000.0,13547600000.0,6008700000.0,-2270800000.0,-2990600000.0,2333600000.0,2431800000.0,SBUX,Starbucks Corporation,Consumer,USA,Restaurants,,,
47,2023-10-02,2024-09-29,2025,FY,10-K,,,5408800000.0,3760900000.0,,1207300000.0,31339300000.0,38780900000.0,-7448900000.0,,1777300000.0,6847400000.0,9070000000.0,14319500000.0,6095600000.0,-2699200000.0,-3718200000.0,2777500000.0,2585000000.0,SBUX,Starbucks Corporation,Consumer,USA,Restaurants,,,
47,2024-09-30,2025-09-28,2025,FY,10-K,,,2936600000.0,1856400000.0,,650600000.0,,,,,,,,,4747500000.0,-2485400000.0,-2298000000.0,2305500000.0,2771400000.0,SBUX,Starbucks Corporation,Consumer,USA,Restaurants,,,
48,2007-01-01,2007-12-31,2011,FY,10-K,,,25614000000.0,22208000000.0,,,,,,,,,,,,,,,,GE,General Electric Company,Industrials,USA,Industrial Equipment,NYSE,,
48,2008-01-01,2008-12-31,2010,FY,10-K,,,,,3113000000.0,1102000000.0,,,104665000000.0,,,,,,48653000000.0,-34768000000.0,19136000000.0,16010000000.0,,GE,General Electric Company,Industrials,USA,Industrial Equipment,NYSE,,
48,2009-01-01,2009-12-31,2011,FY,10-K,,,,,3288000000.0,-1142000000.0,,,117291000000.0,,,,,,24417000000.0,42378000000.0,-43513000000.0,8636000000.0,,GE,General Electric Company,Industrials,USA,Industrial Equipment,NYSE,,
48,2010-01-01,2010-12-31,2012,FY,10-K,,,17250000000.0,11644000000.0,3939000000.0,1039000000.0,,,118936000000.0,,,,,,36124000000.0,32436000000.0,-61586000000.0,9800000000.0,,GE,General Electric Company,Industrials,USA,Industrial Equipment,NYSE,,
48,2011-01-01,2011-12-31,2012,FY,10-K,,,20652000000.0,,,,718003000000.0,,,,,,,,33359000000.0,19882000000.0,-46863000000.0,12637000000.0,,GE,General Electric Company,Industrials,USA,Industrial Equipment,NYSE,,
48,2012-01-01,2012-12-31,2012,FY,10-K,,,22887000000.0,,,,684999000000.0,556529000000.0,,,15374000000.0,,,,,,,,,GE,General Electric Company,Industrials,USA,Industrial Equipment,NYSE,,
48,2014-01-01,2014-12-31,2016,FY,10-K,,,,15233000000.0,5273000000.0,773000000.0,653931000000.0,,128159000000.0,,,,,,27709000000.0,-5034000000.0,-16956000000.0,7134000000.0,,GE,General Electric Company,Industrials,USA,Industrial Equipment,NYSE,,
48,2015-01-01,2015-12-31,2016,FY,10-K,,,,,5278000000.0,,493071000000.0,,98274000000.0,70483000000.0,,,,,19891000000.0,59488000000.0,-76054000000.0,7309000000.0,,GE,General Electric Company,Industrials,USA,Industrial Equipment,NYSE,,
48,2016-01-01,2016-12-31,2018,FY,10-K,,110171000000.0,,7500000000.0,5436000000.0,-1133000000.0,359122000000.0,,70162000000.0,,,,,,1160000000.0,49135000000.0,-90464000000.0,7199000000.0,,GE,General Electric Company,Industrials,USA,Industrial Equipment,NYSE,,0.0680759909595084
48,2017-01-01,2017-12-31,2019,FY,10-K,,,,-8484000000.0,,-2808000000.0,,,56031000000.0,,,,,,6554000000.0,5379000000.0,-18484000000.0,6642000000.0,,GE,General Electric Company,Industrials,USA,Industrial Equipment,NYSE,,
48,2018-01-01,2018-12-31,2018,FY,10-K,,113543000000.0,,,,,,,30981000000.0,,,,,,4978000000.0,18280000000.0,-31806000000.0,6627000000.0,,GE,General Electric Company,Industrials,USA,Industrial Equipment,NYSE,,
48,2019-01-01,2019-12-31,2021,FY,10-K,,,,-4979000000.0,3118000000.0,552000000.0,,,28316000000.0,,,,,,8734000000.0,8977000000.0,-16133000000.0,2216000000.0,,GE,General Electric Company,Industrials,USA,Industrial Equipment,NYSE,,
48,2021-01-01,2021-12-31,2023,FY,10-K,,,,-6337000000.0,1682000000.0,-757000000.0,,,,,,,,,3481000000.0,21379000000.0,-45397000000.0,,,GE,General Electric Company,Industrials,USA,Industrial Equipment,NYSE,,
48,2022-01-01,2022-12-31,2024,FY,10-K,,,,336000000.0,808000000.0,169000000.0,188851000000.0,153938000000.0,33696000000.0,,14891000000.0,58384000000.0,49428000000.0,,5917000000.0,2270000000.0,-5585000000.0,,,GE,General Electric Company,Industrials,USA,Industrial Equipment,NYSE,,
48,2023-01-01,2023-12-31,2025,FY,10-K,,,,9482000000.0,1011000000.0,994000000.0,173300000000.0,144695000000.0,27403000000.0,,8284000000.0,42556000000.0,32103000000.0,,5189000000.0,3967000000.0,-8613000000.0,,,GE,General Electric Company,Industrials,USA,Industrial Equipment,NYSE,,
48,2024-01-01,2024-12-31,2025,FY,10-K,,,,6556000000.0,1286000000.0,962000000.0,123140000000.0,103576000000.0,19342000000.0,,9763000000.0,37635000000.0,34392000000.0,,4710000000.0,-1666000000.0,-6726000000.0,,,GE,General Electric Company,Industrials,USA,Industrial Equipment,NYSE,,
48,2025-01-01,2025-12-31,2025,FY,10-K,,,,8704000000.0,1580000000.0,1405000000.0,,,,,,,,,8537000000.0,-1153000000.0,-8682000000.0,,,GE,General Electric Company,Industrials,USA,Industrial Equipment,NYSE,,
49,2007-01-01,2007-12-31,2009,FY,10-K,,,4921000000.0,3541000000.0,1404000000.0,1485000000.0,56132000000.0,47136000000.0,,1122000000.0,7204000000.0,25477000000.0,22245000000.0,,7955000000.0,-4408000000.0,-2989000000.0,,845000000.0,CAT,Caterpillar Inc.,Industrials,USA,Heavy Machinery,NYSE,,
49,2009-01-01,2009-12-31,2009,FY,10-K,,,,895000000.0,,,60038000000.0,50738000000.0,,,6360000000.0,27217000000.0,18975000000.0,21847000000.0,6343000000.0,1002000000.0,-5215000000.0,,1029000000.0,CAT,Caterpillar Inc.,Industrials,USA,Heavy Machinery,NYSE,,
49,2010-01-01,2010-12-31,2012,FY,10-K,,,3963000000.0,,1905000000.0,968000000.0,64020000000.0,52695000000.0,,,9587000000.0,31810000000.0,22020000000.0,20437000000.0,,,,,,CAT,Caterpillar Inc.,Industrials,USA,Heavy Machinery,NYSE,,
49,2011-01-01,2011-12-31,2013,FY,10-K,,,7153000000.0,,2297000000.0,1720000000.0,81218000000.0,67816000000.0,,,14544000000.0,37900000000.0,28357000000.0,24944000000.0,,,,,,CAT,Caterpillar Inc.,Industrials,USA,Heavy Machinery,NYSE,,
49,2012-01-01,2012-12-31,2014,FY,10-K,,,8573000000.0,,2466000000.0,2528000000.0,88970000000.0,71388000000.0,,,15547000000.0,42138000000.0,29415000000.0,27752000000.0,,,,,,CAT,Caterpillar Inc.,Industrials,USA,Heavy Machinery,NYSE,,
49,2014-01-01,2014-12-31,2016,FY,10-K,,,3314000000.0,,2380000000.0,692000000.0,84498000000.0,,,,,,,,,,,,,CAT,Caterpillar Inc.,Industrials,USA,Heavy Machinery,NYSE,,
49,2015-01-01,2015-12-31,2017,FY,10-K,,,3785000000.0,,2119000000.0,916000000.0,78342000000.0,,,,,,,,,,,,,CAT,Caterpillar Inc.,Industrials,USA,Heavy Machinery,NYSE,,
49,2016-01-01,2016-12-31,2018,FY,10-K,,,1162000000.0,,1853000000.0,192000000.0,74704000000.0,,,,,,,,,,,,,CAT,Caterpillar Inc.,Industrials,USA,Heavy Machinery,NYSE,,
49,2017-01-01,2017-12-31,2019,FY,10-K,,,4460000000.0,,1842000000.0,3339000000.0,76962000000.0,63196000000.0,,,10018000000.0,36244000000.0,26931000000.0,23847000000.0,5706000000.0,-966000000.0,-3657000000.0,,,CAT,Caterpillar Inc.,Industrials,USA,Heavy Machinery,NYSE,,
49,2018-01-01,2018-12-31,2020,FY,10-K,,,8293000000.0,,1850000000.0,1698000000.0,78509000000.0,64429000000.0,,,11529000000.0,38603000000.0,28218000000.0,25000000000.0,6558000000.0,-3212000000.0,-3650000000.0,1276000000.0,,CAT,Caterpillar Inc.,Industrials,USA,Heavy Machinery,NYSE,,
49,2019-01-01,2019-12-31,2021,FY,10-K,,,8290000000.0,,1693000000.0,1746000000.0,78453000000.0,63824000000.0,,,11266000000.0,39193000000.0,26621000000.0,26281000000.0,6912000000.0,-1928000000.0,-4538000000.0,1056000000.0,,CAT,Caterpillar Inc.,Industrials,USA,Heavy Machinery,NYSE,,
49,2020-01-01,2020-12-31,2022,FY,10-K,,,4553000000.0,,1415000000.0,1006000000.0,78324000000.0,62946000000.0,,9352000000.0,11402000000.0,39464000000.0,25717000000.0,25999000000.0,6327000000.0,-1485000000.0,-3755000000.0,978000000.0,,CAT,Caterpillar Inc.,Industrials,USA,Heavy Machinery,NYSE,,
49,2021-01-01,2021-12-31,2023,FY,10-K,,,6878000000.0,,1686000000.0,1742000000.0,82793000000.0,66277000000.0,,9254000000.0,14038000000.0,43455000000.0,29847000000.0,26033000000.0,7198000000.0,-3084000000.0,-4188000000.0,1093000000.0,,CAT,Caterpillar Inc.,Industrials,USA,Heavy Machinery,NYSE,,
49,2022-01-01,2022-12-31,2024,FY,10-K,,,7904000000.0,,1814000000.0,2067000000.0,81943000000.0,66052000000.0,,7004000000.0,16270000000.0,43785000000.0,31531000000.0,25714000000.0,7766000000.0,-2541000000.0,-7281000000.0,1296000000.0,,CAT,Caterpillar Inc.,Industrials,USA,Heavy Machinery,NYSE,,
49,2023-01-01,2023-12-31,2025,FY,10-K,,,12966000000.0,,2108000000.0,2781000000.0,87476000000.0,67973000000.0,,6978000000.0,16565000000.0,46949000000.0,34728000000.0,24472000000.0,12885000000.0,-5871000000.0,-6932000000.0,1597000000.0,,CAT,Caterpillar Inc.,Industrials,USA,Heavy Machinery,NYSE,,
49,2024-01-01,2024-12-31,2025,FY,10-K,,,13072000000.0,,2107000000.0,2629000000.0,,68270000000.0,,6889000000.0,16827000000.0,45682000000.0,32272000000.0,27351000000.0,12035000000.0,-2453000000.0,-9565000000.0,1988000000.0,,CAT,Caterpillar Inc.,Industrials,USA,Heavy Machinery,NYSE,,
49,2025-01-01,2025-12-31,2025,FY,10-K,,,11151000000.0,,2148000000.0,2768000000.0,,,,,,,,30696000000.0,11739000000.0,-4707000000.0,-3899000000.0,2821000000.0,,CAT,Caterpillar Inc.,Industrials,USA,Heavy Machinery,NYSE,,
50,2009-07-01,2010-06-30,2012,FY,10-K,,,182253000.0,117870000.0,50820000.0,62926000.0,,,,125518000.0,,,,,218698000.0,-505715000.0,294284000.0,54509000.0,30461000.0,HON,Honeywell International Inc.,Industrials,USA,Industrial Technology,NASDAQ,,
50,2010-07-01,2011-06-30,2013,FY,10-K,,,216317000.0,137471000.0,63395000.0,70041000.0,,,879776000.0,,,,,,240132000.0,-59038000.0,-243487000.0,32085000.0,34391000.0,HON,Honeywell International Inc.,Industrials,USA,Industrial Technology,NASDAQ,,
50,2012-07-01,2013-06-30,2015,FY,10-K,,,250757000.0,167610000.0,63202000.0,77450000.0,,,,127905000.0,,,,,309174000.0,-97244000.0,-241338000.0,46256000.0,48202000.0,HON,Honeywell International Inc.,Industrials,USA,Industrial Technology,NASDAQ,,
50,2013-07-01,2014-06-30,2016,FY,10-K,,,288298000.0,186715000.0,66748000.0,100855000.0,,,,70377000.0,,,,,341659000.0,-131780000.0,-267407000.0,33185000.0,71251000.0,HON,Honeywell International Inc.,Industrials,USA,Industrial Technology,NASDAQ,,
50,2014-07-01,2015-06-30,2017,FY,10-K,,,317865000.0,211221000.0,71495000.0,105219000.0,,,,148313000.0,,,,,373790000.0,-136984000.0,-158870000.0,54409000.0,76410000.0,HON,Honeywell International Inc.,Industrials,USA,Industrial Technology,NASDAQ,,
50,2015-07-01,2016-06-30,2018,FY,10-K,,,361659000.0,248867000.0,81234000.0,111669000.0,,,,70310000.0,,,,,366422000.0,-135963000.0,-308462000.0,56325000.0,84118000.0,HON,Honeywell International Inc.,Industrials,USA,Industrial Technology,NASDAQ,,
50,2016-07-01,2017-06-30,2019,FY,10-K,,1388290000.0,341717000.0,229561000.0,84753000.0,111408000.0,,,,114765000.0,,,,,357322000.0,-141586000.0,-171281000.0,41947000.0,91707000.0,HON,Honeywell International Inc.,Industrials,USA,Industrial Technology,NASDAQ,0.24614237659278682,0.16535522117136908
50,2017-07-01,2018-06-30,2020,FY,10-K,,1470797000.0,357503000.0,365034000.0,90340000.0,-8876000.0,,,,31440000.0,,,,,412142000.0,-291826000.0,-203641000.0,40135000.0,105021000.0,HON,Honeywell International Inc.,Industrials,USA,Industrial Technology,NASDAQ,0.2430675341328545,0.24818788724752633
50,2018-07-01,2019-06-30,2021,FY,10-K,,1552691000.0,347285000.0,271885000.0,96378000.0,75350000.0,,,1429013000.0,93628000.0,,,,,431128000.0,-190635000.0,-178305000.0,53598000.0,118745000.0,HON,Honeywell International Inc.,Industrials,USA,Industrial Technology,NASDAQ,0.223666524762493,0.17510567137955974
50,2019-07-01,2020-06-30,2022,FY,10-K,,1697067000.0,380627000.0,296668000.0,109988000.0,84408000.0,,,1549688000.0,,,,,,510532000.0,-197906000.0,-192909000.0,53538000.0,127421000.0,HON,Honeywell International Inc.,Industrials,USA,Industrial Technology,NASDAQ,0.22428519321865312,0.17481219067956658
50,2020-07-01,2021-06-30,2023,FY,10-K,,1758225000.0,398719000.0,311469000.0,109047000.0,86256000.0,,,1319292000.0,,,,,,462129000.0,-162250000.0,-462232000.0,22988000.0,133800000.0,HON,Honeywell International Inc.,Industrials,USA,Industrial Technology,NASDAQ,0.2267735926858053,0.17714968220790855
50,2021-07-01,2022-06-30,2024,FY,10-K,,1942884000.0,474619000.0,362916000.0,121355000.0,109351000.0,,,1381623000.0,,,,,,504631000.0,-196344000.0,-310492000.0,34659000.0,139070000.0,HON,Honeywell International Inc.,Industrials,USA,Industrial Technology,NASDAQ,0.24428581428433196,0.1867924178695177
50,2022-07-01,2023-06-30,2025,FY,10-K,,2077702000.0,480688000.0,366646000.0,142678000.0,107928000.0,,,1608510000.0,,,,,,381559000.0,-409673000.0,-8430000.0,39179000.0,147237000.0,HON,Honeywell International Inc.,Industrials,USA,Industrial Technology,NASDAQ,0.23135560345035044,0.17646707756935306
50,2023-07-01,2024-06-30,2025,FY,10-K,,2215543000.0,489391000.0,381816000.0,148256000.0,116203000.0,2924481000.0,1082117000.0,1842364000.0,,,632018000.0,633814000.0,60000000.0,568041000.0,-240165000.0,-301835000.0,58118000.0,155877000.0,HON,Honeywell International Inc.,Industrials,USA,Industrial Technology,NASDAQ,0.22088986763064405,0.17233517923145703
50,2024-07-01,2025-06-30,2025,FY,10-K,,2375288000.0,568715000.0,455748000.0,162771000.0,130288000.0,,,,,,,,,641504000.0,-232163000.0,-345672000.0,53358000.0,164644000.0,HON,Honeywell International Inc.,Industrials,USA,Industrial Technology,NASDAQ,0.23942991334103486,0.19187062789859588
51,2007-01-01,2007-12-31,2009,FY,10-K,,,,40610000000.0,,29864000000.0,,,,,,,,,52002000000.0,-9728000000.0,-38345000000.0,15387000000.0,,XOM,Exxon Mobil Corporation,Energy,USA,Oil & Gas,NYSE,,
51,2009-01-01,2009-12-31,2011,FY,10-K,,,,19280000000.0,1050000000.0,15119000000.0,,,,10693000000.0,,,,,28438000000.0,-22419000000.0,-27283000000.0,22491000000.0,,XOM,Exxon Mobil Corporation,Energy,USA,Oil & Gas,NYSE,,
51,2010-01-01,2010-12-31,2012,FY,10-K,,,,30460000000.0,1012000000.0,21561000000.0,,,,7825000000.0,,,,,48413000000.0,-24204000000.0,-26924000000.0,26871000000.0,,XOM,Exxon Mobil Corporation,Energy,USA,Oil & Gas,NYSE,,
51,2011-01-01,2011-12-31,2013,FY,10-K,,,,41060000000.0,1044000000.0,31051000000.0,,,,12664000000.0,,,,,,,,30975000000.0,,XOM,Exxon Mobil Corporation,Energy,USA,Oil & Gas,NYSE,,
51,2012-01-01,2012-12-31,2014,FY,10-K,,,,44880000000.0,1042000000.0,31045000000.0,,,,9582000000.0,,,,,,,,34271000000.0,,XOM,Exxon Mobil Corporation,Energy,USA,Oil & Gas,NYSE,,
51,2013-01-01,2013-12-31,2015,FY,10-K,,,,32580000000.0,1044000000.0,24263000000.0,,,,4644000000.0,,,,,,,,33669000000.0,,XOM,Exxon Mobil Corporation,Energy,USA,Oil & Gas,NYSE,,
51,2014-01-01,2014-12-31,2016,FY,10-K,,,,32520000000.0,971000000.0,18015000000.0,,,,4616000000.0,,,,,,,,32952000000.0,,XOM,Exxon Mobil Corporation,Energy,USA,Oil & Gas,NYSE,,
51,2015-01-01,2015-12-31,2017,FY,10-K,,,,16150000000.0,1008000000.0,5415000000.0,,,,3705000000.0,,,,,30344000000.0,-23824000000.0,-7037000000.0,26490000000.0,,XOM,Exxon Mobil Corporation,Energy,USA,Oil & Gas,NYSE,,
51,2016-01-01,2016-12-31,2018,FY,10-K,,,,7840000000.0,1058000000.0,-406000000.0,330314000000.0,,,3657000000.0,,,,,22082000000.0,-12403000000.0,-9293000000.0,16163000000.0,,XOM,Exxon Mobil Corporation,Energy,USA,Oil & Gas,NYSE,,
51,2017-01-01,2017-12-31,2019,FY,10-K,,237162000000.0,,19710000000.0,1063000000.0,-1174000000.0,348691000000.0,,,,,,,,30066000000.0,-15730000000.0,-15130000000.0,15402000000.0,,XOM,Exxon Mobil Corporation,Energy,USA,Oil & Gas,NYSE,,0.08310774913350367
51,2018-01-01,2018-12-31,2020,FY,10-K,,279332000000.0,,20840000000.0,1116000000.0,9532000000.0,346196000000.0,,,,,,,,36014000000.0,-16446000000.0,-19446000000.0,19574000000.0,,XOM,Exxon Mobil Corporation,Energy,USA,Oil & Gas,NYSE,,0.0746065613678347
51,2019-01-01,2019-12-31,2021,FY,10-K,,255583000000.0,,14340000000.0,1214000000.0,5282000000.0,362597000000.0,,,,,,,,29716000000.0,-23084000000.0,-6618000000.0,24361000000.0,,XOM,Exxon Mobil Corporation,Energy,USA,Oil & Gas,NYSE,,0.056107018072407006
51,2020-01-01,2020-12-31,2021,FY,10-K,,178574000000.0,,,,,332750000000.0,,,,,,,,14668000000.0,-18459000000.0,5285000000.0,17282000000.0,,XOM,Exxon Mobil Corporation,Energy,USA,Oil & Gas,NYSE,,
51,2021-01-01,2021-12-31,2021,FY,10-K,,276692000000.0,,,,,338923000000.0,,,,,,,,48129000000.0,-10235000000.0,-35423000000.0,12076000000.0,,XOM,Exxon Mobil Corporation,Energy,USA,Oil & Gas,NYSE,,
51,2022-01-01,2022-12-31,2024,FY,10-K,,,,,824000000.0,20176000000.0,369067000000.0,,,,,,,,76797000000.0,-14742000000.0,-39114000000.0,18407000000.0,,XOM,Exxon Mobil Corporation,Energy,USA,Oil & Gas,NYSE,,
51,2023-01-01,2023-12-31,2025,FY,10-K,,,,,900000000.0,15429000000.0,376317000000.0,163779000000.0,204802000000.0,31539000000.0,,96609000000.0,65316000000.0,,55369000000.0,-19274000000.0,-34297000000.0,21919000000.0,,XOM,Exxon Mobil Corporation,Energy,USA,Oil & Gas,NYSE,,
51,2024-01-01,2024-12-31,2025,FY,10-K,,,,,1000000000.0,13810000000.0,453475000000.0,182869000000.0,263705000000.0,23029000000.0,,91990000000.0,70307000000.0,,55022000000.0,-19938000000.0,-42789000000.0,24306000000.0,,XOM,Exxon Mobil Corporation,Energy,USA,Oil & Gas,NYSE,,
51,2025-01-01,2025-12-31,2025,FY,10-K,,,,,1200000000.0,11504000000.0,,,,,,,,,51970000000.0,-25927000000.0,-39081000000.0,28358000000.0,,XOM,Exxon Mobil Corporation,Energy,USA,Oil & Gas,NYSE,,
52,2008-01-01,2008-12-31,2010,FY,10-K,,,,23931000000.0,702000000.0,19026000000.0,,,,9347000000.0,,,,,29632000000.0,-17081000000.0,-10400000000.0,,,CVX,Chevron Corporation,Energy,USA,Oil & Gas,NYSE,,
52,2009-01-01,2009-12-31,2011,FY,10-K,,,,10483000000.0,603000000.0,7965000000.0,,,,8716000000.0,,,,,19373000000.0,-16572000000.0,-3546000000.0,,,CVX,Chevron Corporation,Energy,USA,Oil & Gas,NYSE,,
52,2010-01-01,2010-12-31,2012,FY,10-K,,,,19024000000.0,526000000.0,12919000000.0,,,,14060000000.0,,,,,31354000000.0,-20915000000.0,-5165000000.0,,,CVX,Chevron Corporation,Energy,USA,Oil & Gas,NYSE,,
52,2011-01-01,2011-12-31,2013,FY,10-K,,,,26895000000.0,627000000.0,20626000000.0,,,,15864000000.0,,,,,41095000000.0,-27489000000.0,-11769000000.0,,,CVX,Chevron Corporation,Energy,USA,Oil & Gas,NYSE,,
52,2012-01-01,2012-12-31,2014,FY,10-K,,,,26179000000.0,648000000.0,19996000000.0,,,,20939000000.0,,,,,38812000000.0,-24796000000.0,-8980000000.0,,,CVX,Chevron Corporation,Energy,USA,Oil & Gas,NYSE,,
52,2013-01-01,2013-12-31,2015,FY,10-K,,,,21423000000.0,750000000.0,14308000000.0,,,,16245000000.0,,,,,35002000000.0,-35609000000.0,-3821000000.0,,,CVX,Chevron Corporation,Energy,USA,Oil & Gas,NYSE,,
52,2014-01-01,2014-12-31,2016,FY,10-K,,,,19241000000.0,707000000.0,11892000000.0,,,,12785000000.0,,,,,31475000000.0,-29893000000.0,-4999000000.0,,,CVX,Chevron Corporation,Energy,USA,Oil & Gas,NYSE,,
52,2015-01-01,2015-12-31,2017,FY,10-K,,,,4587000000.0,601000000.0,132000000.0,,,,11022000000.0,,,,,19456000000.0,-23808000000.0,2815000000.0,,,CVX,Chevron Corporation,Energy,USA,Oil & Gas,NYSE,,
52,2016-01-01,2016-12-31,2018,FY,10-K,,,,-497000000.0,476000000.0,-1729000000.0,,,,6988000000.0,,,,,12690000000.0,-16370000000.0,25000000.0,,,CVX,Chevron Corporation,Energy,USA,Oil & Gas,NYSE,,
52,2017-01-01,2017-12-31,2019,FY,10-K,,,,9195000000.0,433000000.0,-48000000.0,253806000000.0,104487000000.0,148124000000.0,,5585000000.0,28560000000.0,27737000000.0,,20338000000.0,-8320000000.0,-14554000000.0,,,CVX,Chevron Corporation,Energy,USA,Oil & Gas,NYSE,,
52,2018-01-01,2018-12-31,2020,FY,10-K,,158902000000.0,,14824000000.0,453000000.0,5715000000.0,253863000000.0,98221000000.0,154554000000.0,,5704000000.0,34021000000.0,27171000000.0,,30618000000.0,-12290000000.0,-13699000000.0,,,CVX,Chevron Corporation,Energy,USA,Oil & Gas,NYSE,,0.0932902040251224
52,2019-01-01,2019-12-31,2021,FY,10-K,,139865000000.0,,2924000000.0,500000000.0,2691000000.0,237428000000.0,92220000000.0,144213000000.0,,5848000000.0,28329000000.0,26530000000.0,,27314000000.0,-11458000000.0,-19758000000.0,,,CVX,Chevron Corporation,Energy,USA,Oil & Gas,NYSE,,0.02090587352089515
52,2020-01-01,2020-12-31,2022,FY,10-K,,94471000000.0,,-5543000000.0,435000000.0,-1892000000.0,,,,5596000000.0,,,,,10577000000.0,-6965000000.0,-3736000000.0,,,CVX,Chevron Corporation,Energy,USA,Oil & Gas,NYSE,,-0.05867409046162314
52,2021-01-01,2021-12-31,2023,FY,10-K,,155606000000.0,,,268000000.0,5950000000.0,,,,5640000000.0,,,,,29187000000.0,-5865000000.0,-23113000000.0,,,CVX,Chevron Corporation,Energy,USA,Oil & Gas,NYSE,,
52,2022-01-01,2022-12-31,2024,FY,10-K,,235717000000.0,,,268000000.0,14066000000.0,257709000000.0,97467000000.0,159282000000.0,,8247000000.0,50343000000.0,34208000000.0,,49602000000.0,-12108000000.0,-24978000000.0,,,CVX,Chevron Corporation,Energy,USA,Oil & Gas,NYSE,,
52,2023-01-01,2023-12-31,2025,FY,10-K,,196913000000.0,,,320000000.0,8173000000.0,261632000000.0,99703000000.0,160957000000.0,,8612000000.0,41128000000.0,32258000000.0,,35609000000.0,-15232000000.0,-30109000000.0,,,CVX,Chevron Corporation,Energy,USA,Oil & Gas,NYSE,,
52,2024-01-01,2024-12-31,2025,FY,10-K,,193414000000.0,,,353000000.0,9757000000.0,256938000000.0,103781000000.0,152318000000.0,,9074000000.0,40911000000.0,38558000000.0,,31492000000.0,-8936000000.0,-23472000000.0,,,CVX,Chevron Corporation,Energy,USA,Oil & Gas,NYSE,,
52,2025-01-01,2025-12-31,2025,FY,10-K,,184432000000.0,,,427000000.0,7258000000.0,,,,,,,,,33939000000.0,-15911000000.0,-19063000000.0,,,CVX,Chevron Corporation,Energy,USA,Oil & Gas,NYSE,,
53,2007-01-01,2007-12-31,2009,FY,10-K,,,,11891000000.0,,11381000000.0,,,,1456000000.0,,,,,24550000000.0,-8562000000.0,-15340000000.0,,,COP,ConocoPhillips,Energy,USA,Oil & Gas,NYSE,,
53,2008-01-01,2008-12-31,2010,FY,10-K,,,,-16349000000.0,209000000.0,13419000000.0,142865000000.0,,,,,,,,22658000000.0,-17616000000.0,-5764000000.0,,,COP,ConocoPhillips,Energy,USA,Oil & Gas,NYSE,,
53,2009-01-01,2009-12-31,2009,FY,10-K,,,,4858000000.0,,5096000000.0,,,,542000000.0,,,,,12479000000.0,-9935000000.0,-2855000000.0,,,COP,ConocoPhillips,Energy,USA,Oil & Gas,NYSE,,
53,2009-12-31,2010-12-31,2012,FY,10-K,,,,11358000000.0,172000000.0,7570000000.0,,,,9454000000.0,,,,,17045000000.0,4665000000.0,-12819000000.0,,,COP,ConocoPhillips,Energy,USA,Oil & Gas,NYSE,,
53,2011-01-01,2011-12-31,2013,FY,10-K,,,,12436000000.0,193000000.0,8208000000.0,,,,5780000000.0,,,,,19646000000.0,-7015000000.0,-16305000000.0,,,COP,ConocoPhillips,Energy,USA,Oil & Gas,NYSE,,
53,2012-01-01,2012-12-31,2014,FY,10-K,,,,8428000000.0,221000000.0,7942000000.0,,,,3618000000.0,,,,,13922000000.0,-11627000000.0,-4481000000.0,,,COP,ConocoPhillips,Energy,USA,Oil & Gas,NYSE,,
53,2013-01-01,2013-12-31,2015,FY,10-K,,,,9156000000.0,258000000.0,6409000000.0,,,,6246000000.0,,,,,16141000000.0,-6305000000.0,-7133000000.0,,,COP,ConocoPhillips,Energy,USA,Oil & Gas,NYSE,,
53,2014-01-01,2014-12-31,2016,FY,10-K,,,,6869000000.0,263000000.0,3583000000.0,,,,5062000000.0,,,,,16569000000.0,-14965000000.0,-2574000000.0,,,COP,ConocoPhillips,Energy,USA,Oil & Gas,NYSE,,
53,2015-01-01,2015-12-31,2017,FY,10-K,,,,-4428000000.0,222000000.0,-2868000000.0,97484000000.0,,,2368000000.0,,,,,7572000000.0,-8655000000.0,-1429000000.0,,,COP,ConocoPhillips,Energy,USA,Oil & Gas,NYSE,,
53,2016-01-01,2016-12-31,2018,FY,10-K,,23693000000.0,,-3615000000.0,116000000.0,-1971000000.0,89772000000.0,,,,,,,,4403000000.0,-3859000000.0,764000000.0,,,COP,ConocoPhillips,Energy,USA,Oil & Gas,NYSE,,-0.1525767104207994
53,2018-01-01,2018-12-31,2020,FY,10-K,,36417000000.0,,6257000000.0,78000000.0,3668000000.0,69980000000.0,,,,,,,,12934000000.0,-3843000000.0,-9359000000.0,,,COP,ConocoPhillips,Energy,USA,Oil & Gas,NYSE,,0.17181536095779443
53,2019-01-01,2019-12-31,2021,FY,10-K,,32567000000.0,,7189000000.0,82000000.0,2267000000.0,70514000000.0,,,,,,,,11104000000.0,-6618000000.0,-5229000000.0,,,COP,ConocoPhillips,Energy,USA,Oil & Gas,NYSE,,0.2207449258451807
53,2020-01-01,2020-12-31,2022,FY,10-K,,13662000000.0,,-2701000000.0,75000000.0,-485000000.0,,,29849000000.0,,,,,,4802000000.0,-4121000000.0,-2708000000.0,,,COP,ConocoPhillips,Energy,USA,Oil & Gas,NYSE,,-0.19770165422339336
53,2021-01-01,2021-12-31,2023,FY,10-K,,34590000000.0,,8079000000.0,62000000.0,4633000000.0,,,45406000000.0,,,,,,16996000000.0,-8544000000.0,-6335000000.0,,,COP,ConocoPhillips,Energy,USA,Oil & Gas,NYSE,,0.23356461405030354
53,2022-01-01,2022-12-31,2024,FY,10-K,,61049000000.0,,18680000000.0,71000000.0,9548000000.0,,,48003000000.0,,,,,,28314000000.0,-8741000000.0,-18053000000.0,,,COP,ConocoPhillips,Energy,USA,Oil & Gas,NYSE,,0.3059837179970188
53,2023-01-01,2023-12-31,2025,FY,10-K,,48522000000.0,,10957000000.0,81000000.0,5331000000.0,95924000000.0,,49279000000.0,,,,,,19965000000.0,-12000000000.0,-8661000000.0,,,COP,ConocoPhillips,Energy,USA,Oil & Gas,NYSE,,0.22581509418408144
53,2024-01-01,2024-12-31,2025,FY,10-K,,49418000000.0,,9245000000.0,81000000.0,4427000000.0,122780000000.0,57984000000.0,,5607000000.0,1809000000.0,15647000000.0,12124000000.0,,20124000000.0,-11150000000.0,-8835000000.0,,,COP,ConocoPhillips,Energy,USA,Oil & Gas,NYSE,,0.1870775830668987
53,2025-01-01,2025-12-31,2025,FY,10-K,,51824000000.0,,7988000000.0,78000000.0,4668000000.0,,,,,,,,,19796000000.0,-8836000000.0,-10102000000.0,,,COP,ConocoPhillips,Energy,USA,Oil & Gas,NYSE,,0.154137079345477
54,2007-01-01,2007-12-31,2009,FY,10-K,,,5830000000.0,4074000000.0,3850000000.0,2060000000.0,,,,7042000000.0,,,,,9584000000.0,-3822000000.0,-4884000000.0,1731000000.0,,BA,The Boeing Company,Industrial,USA,Aerospace & Defense,,,
54,2008-01-01,2008-12-31,2010,FY,10-K,,,3950000000.0,2672000000.0,3768000000.0,1341000000.0,,,,3268000000.0,,,,,-401000000.0,1888000000.0,-5202000000.0,1674000000.0,,BA,The Boeing Company,Industrial,USA,Aerospace & Defense,,,
54,2009-01-01,2009-12-31,2011,FY,10-K,,,2096000000.0,1312000000.0,6506000000.0,396000000.0,,,,9215000000.0,,,,,5603000000.0,-3794000000.0,4094000000.0,1186000000.0,,BA,The Boeing Company,Industrial,USA,Aerospace & Defense,,,
54,2010-01-01,2010-12-31,2012,FY,10-K,,,4971000000.0,3307000000.0,4121000000.0,1196000000.0,,,,5359000000.0,,,,,2952000000.0,-4831000000.0,-1962000000.0,1125000000.0,,BA,The Boeing Company,Industrial,USA,Aerospace & Defense,,,
54,2011-01-01,2011-12-31,2013,FY,10-K,,,5823000000.0,4018000000.0,3918000000.0,1382000000.0,,,,10049000000.0,,,,,4023000000.0,2369000000.0,-1700000000.0,1713000000.0,,BA,The Boeing Company,Industrial,USA,Aerospace & Defense,,,
54,2012-01-01,2012-12-31,2014,FY,10-K,,,6290000000.0,3900000000.0,3298000000.0,2007000000.0,,,,10341000000.0,,,,,7508000000.0,-3757000000.0,-3477000000.0,1703000000.0,,BA,The Boeing Company,Industrial,USA,Aerospace & Defense,,,
54,2013-01-01,2013-12-31,2015,FY,10-K,,,6562000000.0,4585000000.0,3071000000.0,1646000000.0,,,,9088000000.0,,,,,8179000000.0,-5154000000.0,-4249000000.0,2098000000.0,,BA,The Boeing Company,Industrial,USA,Aerospace & Defense,,,
54,2014-01-01,2014-12-31,2016,FY,10-K,,,7473000000.0,5446000000.0,3047000000.0,1691000000.0,,,,11733000000.0,,,,,8858000000.0,2467000000.0,-8593000000.0,2236000000.0,,BA,The Boeing Company,Industrial,USA,Aerospace & Defense,,,
54,2015-01-01,2015-12-31,2017,FY,10-K,,,7443000000.0,5176000000.0,3331000000.0,1979000000.0,,,,11302000000.0,,,,,9363000000.0,-1846000000.0,-7920000000.0,2450000000.0,,BA,The Boeing Company,Industrial,USA,Aerospace & Defense,,,
54,2016-01-01,2016-12-31,2018,FY,10-K,,,6527000000.0,5034000000.0,4626000000.0,749000000.0,,,,8801000000.0,,,,,10496000000.0,-3378000000.0,-9587000000.0,2613000000.0,,BA,The Boeing Company,Industrial,USA,Aerospace & Defense,,,
54,2017-01-01,2017-12-31,2019,FY,10-K,,94005000000.0,10344000000.0,8458000000.0,3179000000.0,1649000000.0,,,,8813000000.0,,,,,13346000000.0,-2058000000.0,-11350000000.0,1739000000.0,,BA,The Boeing Company,Industrial,USA,Aerospace & Defense,,0.11003670017552258,0.08997393755651295
54,2018-01-01,2018-12-31,2020,FY,10-K,,,11987000000.0,10460000000.0,3269000000.0,1144000000.0,,,,7637000000.0,,,,,15322000000.0,-4621000000.0,-11722000000.0,1722000000.0,,BA,The Boeing Company,Industrial,USA,Aerospace & Defense,,,
54,2019-01-01,2019-12-31,2019,FY,10-K,,76559000000.0,,,,,,,,9485000000.0,,,,,-2446000000.0,-1530000000.0,5739000000.0,1834000000.0,,BA,The Boeing Company,Industrial,USA,Aerospace & Defense,,,
54,2020-01-01,2020-12-31,2022,FY,10-K,,,-12767000000.0,-11873000000.0,2476000000.0,-2535000000.0,,,,7752000000.0,,,,,-18410000000.0,-18366000000.0,34955000000.0,1303000000.0,,BA,The Boeing Company,Industrial,USA,Aerospace & Defense,,,
54,2021-01-01,2021-12-31,2023,FY,10-K,,,-2870000000.0,-4202000000.0,2249000000.0,-743000000.0,,,,8052000000.0,,,,,-3416000000.0,9324000000.0,-5600000000.0,980000000.0,,BA,The Boeing Company,Industrial,USA,Aerospace & Defense,,,
54,2022-01-01,2022-12-31,2024,FY,10-K,,,-3519000000.0,-4935000000.0,2852000000.0,31000000.0,,,,14614000000.0,,,,,3512000000.0,4370000000.0,-1266000000.0,1222000000.0,,BA,The Boeing Company,Industrial,USA,Aerospace & Defense,,,
54,2023-01-01,2023-12-31,2025,FY,10-K,,,-773000000.0,-2222000000.0,3377000000.0,237000000.0,,,,12691000000.0,,,,,5960000000.0,-2437000000.0,-5487000000.0,1527000000.0,,BA,The Boeing Company,Industrial,USA,Aerospace & Defense,,,
54,2024-01-01,2024-12-31,2025,FY,10-K,,,-10707000000.0,-11817000000.0,3812000000.0,-381000000.0,156363000000.0,160277000000.0,-3908000000.0,13801000000.0,,127998000000.0,97078000000.0,,-12080000000.0,-11973000000.0,25209000000.0,2230000000.0,,BA,The Boeing Company,Industrial,USA,Aerospace & Defense,,,
54,2025-01-01,2025-12-31,2025,FY,10-K,,,4281000000.0,2235000000.0,3615000000.0,397000000.0,,,,,,,,,1065000000.0,499000000.0,-3763000000.0,2942000000.0,331000000.0,BA,The Boeing Company,Industrial,USA,Aerospace & Defense,,,
55,2007-01-01,2007-12-31,2009,FY,10-K,,,578000000.0,382000000.0,,49000000.0,,,,2027000000.0,,,,,1123000000.0,-2199000000.0,2297000000.0,2820000000.0,1703000000.0,UPS,United Parcel Service Inc.,Industrial,USA,Transportation & Logistics,,,
55,2008-01-01,2008-12-31,2010,FY,10-K,,,5382000000.0,3003000000.0,,2012000000.0,,,,507000000.0,,,,,8426000000.0,-3179000000.0,-6702000000.0,2636000000.0,2219000000.0,UPS,United Parcel Service Inc.,Industrial,USA,Transportation & Logistics,,,
55,2009-01-01,2009-12-31,2011,FY,10-K,,,3508000000.0,1968000000.0,,1105000000.0,,,,1542000000.0,,,,,5285000000.0,-1248000000.0,-3045000000.0,1602000000.0,1751000000.0,UPS,United Parcel Service Inc.,Industrial,USA,Transportation & Logistics,,,
55,2010-01-01,2010-12-31,2012,FY,10-K,,,5641000000.0,3338000000.0,,1952000000.0,,,,3034000000.0,,,,,3835000000.0,-654000000.0,-1346000000.0,1389000000.0,1818000000.0,UPS,United Parcel Service Inc.,Industrial,USA,Transportation & Logistics,,,
55,2011-01-01,2011-12-31,2013,FY,10-K,,,6080000000.0,3804000000.0,,1972000000.0,34701000000.0,,,3034000000.0,,,,,7073000000.0,-2537000000.0,-4862000000.0,2005000000.0,1997000000.0,UPS,United Parcel Service Inc.,Industrial,USA,Transportation & Logistics,,,
55,2012-01-01,2012-12-31,2014,FY,10-K,,,1343000000.0,807000000.0,,167000000.0,,,,7327000000.0,,,,,7216000000.0,-1335000000.0,-1817000000.0,2153000000.0,2130000000.0,UPS,United Parcel Service Inc.,Industrial,USA,Transportation & Logistics,,,
55,2013-01-01,2013-12-31,2015,FY,10-K,,,7034000000.0,4372000000.0,,2302000000.0,,,,4665000000.0,,,,,7304000000.0,-2114000000.0,-7807000000.0,2065000000.0,2260000000.0,UPS,United Parcel Service Inc.,Industrial,USA,Transportation & Logistics,,,
55,2014-01-01,2014-12-31,2016,FY,10-K,,,4968000000.0,3032000000.0,,1605000000.0,,,,2291000000.0,,,,,5726000000.0,-2801000000.0,-5161000000.0,2328000000.0,2366000000.0,UPS,United Parcel Service Inc.,Industrial,USA,Transportation & Logistics,,,
55,2015-01-01,2015-12-31,2017,FY,10-K,,,7668000000.0,4844000000.0,,2498000000.0,38311000000.0,,,2730000000.0,,,,,7430000000.0,-5309000000.0,-1565000000.0,2379000000.0,2525000000.0,UPS,United Parcel Service Inc.,Industrial,USA,Transportation & Logistics,,,
55,2016-01-01,2016-12-31,2018,FY,10-K,,61610000000.0,7688000000.0,3422000000.0,,1699000000.0,40545000000.0,,,3476000000.0,,,,,6473000000.0,-2563000000.0,-3140000000.0,2965000000.0,2643000000.0,UPS,United Parcel Service Inc.,Industrial,USA,Transportation & Logistics,,0.12478493751014445,0.05554293134231456
55,2017-01-01,2017-12-31,2019,FY,10-K,,66585000000.0,7529000000.0,4905000000.0,,2232000000.0,45574000000.0,,,3320000000.0,,,,,1479000000.0,-4971000000.0,3287000000.0,5227000000.0,2771000000.0,UPS,United Parcel Service Inc.,Industrial,USA,Transportation & Logistics,,0.11307351505594353,0.07366523991890066
55,2018-01-01,2018-12-31,2020,FY,10-K,,71861000000.0,7024000000.0,4791000000.0,,1228000000.0,50016000000.0,,,4225000000.0,,,,,12711000000.0,-6330000000.0,-5692000000.0,6283000000.0,3011000000.0,UPS,United Parcel Service Inc.,Industrial,USA,Transportation & Logistics,,0.09774425627252613,0.0666703775344067
55,2019-01-01,2019-12-31,2021,FY,10-K,,74094000000.0,7798000000.0,4440000000.0,,1212000000.0,57857000000.0,,,5238000000.0,,,,,8639000000.0,-6061000000.0,-1727000000.0,6380000000.0,3194000000.0,UPS,United Parcel Service Inc.,Industrial,USA,Transportation & Logistics,,0.10524468917861095,0.059923880476151915
55,2020-01-01,2020-12-31,2022,FY,10-K,,84628000000.0,7684000000.0,1343000000.0,,501000000.0,62408000000.0,,,,,,,,10459000000.0,-5283000000.0,-4517000000.0,5412000000.0,3374000000.0,UPS,United Parcel Service Inc.,Industrial,USA,Transportation & Logistics,,0.09079737202817034,0.015869452190764285
55,2021-01-01,2021-12-31,2023,FY,10-K,,97287000000.0,12810000000.0,12890000000.0,,3705000000.0,69405000000.0,,,,,,,,15007000000.0,-3818000000.0,-6823000000.0,4194000000.0,3437000000.0,UPS,United Parcel Service Inc.,Industrial,USA,Transportation & Logistics,,0.13167226864843196,0.13249457789838315
55,2022-01-01,2022-12-31,2024,FY,10-K,,100338000000.0,13094000000.0,11548000000.0,,3277000000.0,71124000000.0,,,,,,,,14104000000.0,-7472000000.0,-11185000000.0,4769000000.0,5114000000.0,UPS,United Parcel Service Inc.,Industrial,USA,Transportation & Logistics,,0.13049891367178934,0.1150909924455341
55,2023-01-01,2023-12-31,2025,FY,10-K,,90958000000.0,9141000000.0,6708000000.0,,1865000000.0,70857000000.0,,17306000000.0,3206000000.0,935000000.0,19413000000.0,17676000000.0,,10238000000.0,-7133000000.0,-5534000000.0,5158000000.0,5372000000.0,UPS,United Parcel Service Inc.,Industrial,USA,Transportation & Logistics,,0.10049693265023417,0.07374832340200972
55,2024-01-01,2024-12-31,2025,FY,10-K,,91070000000.0,8468000000.0,5782000000.0,,1660000000.0,70070000000.0,,16718000000.0,6112000000.0,826000000.0,19310000000.0,16441000000.0,,10122000000.0,-217000000.0,-6850000000.0,3909000000.0,5399000000.0,UPS,United Parcel Service Inc.,Industrial,USA,Transportation & Logistics,,0.09298341934775448,0.06348962336664105
55,2025-01-01,2025-12-31,2025,FY,10-K,,88661000000.0,7867000000.0,5572000000.0,,1592000000.0,,,,,739000000.0,,,,8450000000.0,-4735000000.0,-4141000000.0,3685000000.0,5398000000.0,UPS,United Parcel Service Inc.,Industrial,USA,Transportation & Logistics,,0.08873123470296974,0.06284612174462277
56,2009-01-01,2009-12-31,2011,FY,10-K,,,4814000000.0,,838000000.0,1388000000.0,27250000000.0,,,,,,,,,,,903000000.0,,MMM,3M Company,Industrial,USA,Industrial Conglomerates,,,
56,2010-01-01,2010-12-31,2011,FY,10-K,,,5918000000.0,,919000000.0,1592000000.0,,14139000000.0,15663000000.0,,3155000000.0,12215000000.0,6089000000.0,4183000000.0,,,,1091000000.0,,MMM,3M Company,Industrial,USA,Industrial Conglomerates,,,
56,2012-01-01,2012-12-31,2014,FY,10-K,,,6483000000.0,4444000000.0,1079000000.0,1840000000.0,33876000000.0,,,,,,,,,,,1484000000.0,,MMM,3M Company,Industrial,USA,Industrial Conglomerates,,,
56,2016-01-01,2016-12-31,2018,FY,10-K,,30109000000.0,7027000000.0,5050000000.0,1248000000.0,1995000000.0,32906000000.0,,,,,,,,6662000000.0,-1403000000.0,-4626000000.0,1420000000.0,,MMM,3M Company,Industrial,USA,Industrial Conglomerates,,0.23338536650171046,0.16772393636454216
56,2017-01-01,2017-12-31,2019,FY,10-K,,,7692000000.0,4858000000.0,1352000000.0,2679000000.0,37987000000.0,,,,,,,,6240000000.0,-3086000000.0,-2655000000.0,1373000000.0,,MMM,3M Company,Industrial,USA,Industrial Conglomerates,,,
56,2018-01-01,2018-12-31,2020,FY,10-K,,32765000000.0,7207000000.0,5349000000.0,1253000000.0,1637000000.0,36500000000.0,26652000000.0,9796000000.0,,4366000000.0,13709000000.0,7244000000.0,13411000000.0,6439000000.0,222000000.0,-6701000000.0,1577000000.0,,MMM,3M Company,Industrial,USA,Industrial Conglomerates,,0.21996032351594688,0.16325347169235466
56,2020-01-01,2020-12-31,2022,FY,10-K,,32184000000.0,7161000000.0,5449000000.0,1100000000.0,1337000000.0,,,,,,,,,8113000000.0,-580000000.0,-5300000000.0,1501000000.0,,MMM,3M Company,Industrial,USA,Industrial Conglomerates,,0.22250186428038776,0.16930773054934128
56,2021-01-01,2021-12-31,2023,FY,10-K,,,7369000000.0,5921000000.0,1200000000.0,1285000000.0,47072000000.0,31955000000.0,15046000000.0,,4985000000.0,15403000000.0,9035000000.0,16056000000.0,7454000000.0,-1317000000.0,-6145000000.0,1603000000.0,,MMM,3M Company,Industrial,USA,Industrial Conglomerates,,,
56,2022-01-01,2022-12-31,2024,FY,10-K,,26161000000.0,4369000000.0,5777000000.0,800000000.0,188000000.0,46455000000.0,31685000000.0,14722000000.0,,5372000000.0,14688000000.0,9523000000.0,14001000000.0,5591000000.0,-1046000000.0,-5350000000.0,1749000000.0,,MMM,3M Company,Industrial,USA,Industrial Conglomerates,,0.1670043194067505,0.22082489201483124
56,2023-01-01,2023-12-31,2024,FY,10-K,,,,,700000000.0,,50580000000.0,45712000000.0,4807000000.0,,3944000000.0,16379000000.0,15297000000.0,13088000000.0,6680000000.0,-1207000000.0,-3147000000.0,1615000000.0,,MMM,3M Company,Industrial,USA,Industrial Conglomerates,,,
56,2024-01-01,2024-12-31,2024,FY,10-K,,,,,700000000.0,,39868000000.0,35974000000.0,3842000000.0,,3698000000.0,15884000000.0,11256000000.0,11125000000.0,1819000000.0,-3206000000.0,1098000000.0,1181000000.0,,MMM,3M Company,Industrial,USA,Industrial Conglomerates,,,
56,2025-01-01,2025-12-31,2025,FY,10-K,,24948000000.0,4629000000.0,3250000000.0,,1003000000.0,,,,,,,,,2306000000.0,1350000000.0,-4016000000.0,910000000.0,,MMM,3M Company,Industrial,USA,Industrial Conglomerates,,0.18554593554593554,0.13027096360429694
57,2006-11-01,2007-10-31,2009,FY,10-K,,,,,816800000.0,883000000.0,,,7155800000.0,2278600000.0,,,,,2759400000.0,-1933300000.0,-281000000.0,1022500000.0,,DE,Deere & Company,Industrial,USA,Agricultural Machinery,,,
57,2007-11-01,2008-10-31,2010,FY,10-K,,,3420000000.0,2052800000.0,943100000.0,1111200000.0,,,,2211400000.0,,,,,1949000000.0,-1426000000.0,-648500000.0,1112300000.0,,DE,Deere & Company,Industrial,USA,Agricultural Machinery,,,
57,2008-11-01,2009-10-31,2011,FY,10-K,,,1607000000.0,873500000.0,977000000.0,460000000.0,,,,4651700000.0,,,,,1984800000.0,-57000000.0,470300000.0,906700000.0,,DE,Deere & Company,Industrial,USA,Agricultural Machinery,,,
57,2009-11-01,2010-10-31,2012,FY,10-K,,,3408000000.0,1865000000.0,1052400000.0,1161600000.0,,,,3790600000.0,,,,,,,,761700000.0,,DE,Deere & Company,Industrial,USA,Agricultural Machinery,,,
57,2010-11-01,2011-10-31,2013,FY,10-K,,,4564000000.0,2799900000.0,1226200000.0,1423600000.0,,,,3647200000.0,,,,,,,,1056600000.0,,DE,Deere & Company,Industrial,USA,Agricultural Machinery,,,
57,2011-11-01,2012-10-31,2014,FY,10-K,,,5109000000.0,3064700000.0,1433600000.0,1659400000.0,56266000000.0,,,,,,,,,,,1319200000.0,,DE,Deere & Company,Industrial,USA,Agricultural Machinery,,,
57,2013-11-01,2014-10-31,2016,FY,10-K,,,5218000000.0,3161700000.0,1452000000.0,1626500000.0,61336000000.0,,,3787000000.0,,,,,,,,1048300000.0,,DE,Deere & Company,Industrial,USA,Agricultural Machinery,,,
57,2014-11-01,2015-10-31,2016,FY,10-K,,,3140000000.0,1940000000.0,1425100000.0,840100000.0,57947600000.0,51190000000.0,6743400000.0,4162200000.0,3817000000.0,,,,,,,694000000.0,,DE,Deere & Company,Industrial,USA,Agricultural Machinery,,,
57,2014-11-03,2015-11-01,2017,FY,10-K,,,3140000000.0,1940000000.0,1425100000.0,840100000.0,,,,4162200000.0,,,,,3758800000.0,-1058700000.0,-2137600000.0,694000000.0,,DE,Deere & Company,Industrial,USA,Agricultural Machinery,,,
57,2015-11-02,2016-10-30,2018,FY,10-K,,,2609000000.0,1523900000.0,1393700000.0,700100000.0,57918000000.0,,,4335800000.0,,,,,3769700000.0,-1177200000.0,-2405900000.0,644400000.0,,DE,Deere & Company,Industrial,USA,Agricultural Machinery,,,
57,2015-11-01,2016-10-31,2016,FY,10-K,,,2589000000.0,1523900000.0,1389100000.0,700100000.0,57981400000.0,51436600000.0,6520000000.0,4335800000.0,3340500000.0,,,,,,,644400000.0,,DE,Deere & Company,Industrial,USA,Agricultural Machinery,,,
57,2016-10-31,2017-10-29,2019,FY,10-K,,,3574000000.0,2159000000.0,1373000000.0,971000000.0,65786000000.0,,,,,,,,2196000000.0,-1662000000.0,4286000000.0,595000000.0,,DE,Deere & Company,Industrial,USA,Agricultural Machinery,,,
57,2017-10-30,2018-10-28,2020,FY,10-K,,,4476000000.0,2368000000.0,1658000000.0,1727000000.0,70108000000.0,,,,,,,,1822000000.0,-8176000000.0,876000000.0,896000000.0,,DE,Deere & Company,Industrial,USA,Agricultural Machinery,,,
57,2018-10-29,2019-11-03,2021,FY,10-K,,,4415000000.0,3253000000.0,1783000000.0,852000000.0,73011000000.0,,,,,,,,3412000000.0,-3924000000.0,509000000.0,1120000000.0,,DE,Deere & Company,Industrial,USA,Agricultural Machinery,,,
57,2019-11-04,2020-11-01,2022,FY,10-K,,,4305000000.0,2751000000.0,1644000000.0,1082000000.0,75091000000.0,,,7066000000.0,,,,,7483000000.0,-3319000000.0,-980000000.0,820000000.0,,DE,Deere & Company,Industrial,USA,Agricultural Machinery,,,
57,2020-11-02,2021-10-31,2023,FY,10-K,,,8012000000.0,5963000000.0,1587000000.0,1658000000.0,84114000000.0,,,8017000000.0,,,,,7726000000.0,-5750000000.0,-1078000000.0,848000000.0,,DE,Deere & Company,Industrial,USA,Agricultural Machinery,,,
57,2021-11-01,2022-10-30,2024,FY,10-K,,,9508000000.0,7131000000.0,1912000000.0,2007000000.0,90030000000.0,,,4774000000.0,,,,,4699000000.0,-8485000000.0,826000000.0,1134000000.0,,DE,Deere & Company,Industrial,USA,Agricultural Machinery,,,
57,2022-10-31,2023-10-29,2025,FY,10-K,,,,10166000000.0,2177000000.0,2871000000.0,104087000000.0,,,7458000000.0,,,,,8589000000.0,-8749000000.0,2808000000.0,1498000000.0,,DE,Deere & Company,Industrial,USA,Agricultural Machinery,,,
57,2023-10-30,2024-10-27,2024,FY,10-K,,,9039000000.0,,,,107320000000.0,84395000000.0,22836000000.0,7324000000.0,7093000000.0,,,,9231000000.0,-6464000000.0,-2717000000.0,1640000000.0,,DE,Deere & Company,Industrial,USA,Agricultural Machinery,,,
57,2024-10-28,2025-11-02,2025,FY,10-K,,,,5027000000.0,2311000000.0,1259000000.0,,,,,,,,,7459000000.0,-2057000000.0,-4579000000.0,1360000000.0,,DE,Deere & Company,Industrial,USA,Agricultural Machinery,,,
